{"payload":{"installed_packages":["absl-py==1.4.0","apex==0.1","argon2-cffi-bindings==21.2.0","argon2-cffi==21.3.0","asttokens==2.2.1","astunparse==1.6.3","attrs==22.2.0","audioread==3.0.0","backcall==0.2.0","beautifulsoup4==4.11.2","bleach==6.0.0","blis==0.7.9","cachetools==5.3.0","catalogue==2.0.8","certifi==2022.12.7","cffi==1.15.1","charset-normalizer==3.1.0","click==8.1.3","cloudpickle==2.2.1","cmake==3.24.1.1","comet-ml==3.33.3","comm==0.1.2","confection==0.0.4","configobj==5.0.8","contourpy==1.0.7","cubinlinker==0.2.2+2.g4de3e99","cuda-python==12.1.0rc5+1.gc7fd38c.dirty","cudf==23.2.0","cugraph-dgl==23.2.0","cugraph-service-client==23.2.0","cugraph-service-server==23.2.0","cugraph==23.2.0","cuml==23.2.0","cupy-cuda12x==12.0.0b3","cycler==0.11.0","cymem==2.0.7","cython==0.29.33","dask-cuda==23.2.0","dask-cudf==23.2.0","dask==2023.1.1","debugpy==1.6.6","decorator==5.1.1","defusedxml==0.7.1","distributed==2023.1.1","dulwich==0.21.5","everett==3.1.0","exceptiongroup==1.1.1","execnet==1.9.0","executing==1.2.0","expecttest==0.1.3","fastjsonschema==2.16.3","fastrlock==0.8.1","filelock==3.10.0","flash-attn==0.2.8.dev0","fonttools==4.38.0","fsspec==2023.1.0","gast==0.4.0","gitdb==4.0.10","gitpython==3.1.31","google-auth-oauthlib==0.4.6","google-auth==2.16.2","graphsurgeon==0.4.6","grpcio==1.51.3","heapdict==1.0.1","hypothesis==5.35.1","idna==3.4","importlib-metadata==6.0.0","importlib-resources==5.12.0","iniconfig==2.0.0","intel-openmp==2021.4.0","ipykernel==6.21.3","ipython-genutils==0.2.0","ipython==8.11.0","jedi==0.18.2","jinja2==3.1.2","joblib==1.2.0","json5==0.9.11","jsonschema==4.17.3","jupyter-client==8.0.3","jupyter-core==5.2.0","jupyter-tensorboard==0.2.0","jupyterlab-pygments==0.2.2","jupyterlab-server==1.2.0","jupyterlab==2.3.2","jupytext==1.14.5","kiwisolver==1.4.4","langcodes==3.3.0","librosa==0.9.2","lit==15.0.7","llvmlite==0.39.1","locket==1.0.0","markdown-it-py==2.2.0","markdown==3.4.1","markupsafe==2.1.2","matplotlib-inline==0.1.6","matplotlib==3.7.0","mdit-py-plugins==0.3.5","mdurl==0.1.2","mistune==2.0.5","mkl-devel==2021.1.1","mkl-include==2021.1.1","mkl==2021.1.1","mock==5.0.1","mpmath==1.3.0","msgpack==1.0.4","murmurhash==1.0.9","nbclient==0.7.2","nbconvert==7.2.10","nbformat==5.7.3","nest-asyncio==1.5.6","networkx==2.6.3","notebook==6.4.10","numba==0.56.4+1.g9a03de713","numpy==1.22.2","nvidia-dali-cuda110==1.23.0","nvidia-pyindex==1.0.9","nvtx==0.2.5","oauthlib==3.2.2","onnx==1.13.0","opencv-python==4.7.0.72","opencv==4.6.0","packaging==23.0","pandas==1.5.2","pandocfilters==1.5.0","parso==0.8.3","partd==1.3.0","pathy==0.10.1","pexpect==4.8.0","pickleshare==0.7.5","pillow==9.5.0","pip==21.2.4","pkgutil-resolve-name==1.3.10","platformdirs==3.1.1","pluggy==1.0.0","ply==3.11","polygraphy==0.44.2","pooch==1.7.0","preshed==3.0.8","prettytable==3.6.0","prometheus-client==0.16.0","prompt-toolkit==3.0.38","protobuf==3.20.3","psutil==5.9.4","ptxcompiler==0.7.0+27.gbcb4096","ptyprocess==0.7.0","pure-eval==0.2.2","pyarrow==10.0.1.dev0+ga6eabc2b.d20230220","pyasn1-modules==0.2.8","pyasn1==0.4.8","pybind11==2.10.3","pycocotools==2.0+nv0.7.1","pycparser==2.21","pydantic==1.10.6","pygments==2.14.0","pylibcugraph==23.2.0","pylibcugraphops==23.2.0","pylibraft==23.2.0","pynvml==11.5.0","pyparsing==3.0.9","pyrsistent==0.19.3","pytest-rerunfailures==11.1.2","pytest-shard==0.1.2","pytest-xdist==3.2.1","pytest==7.2.2","python-box==6.1.0","python-dateutil==2.8.2","python-hostlist==1.23.0","pytorch-quantization==2.1.2","pytz==2022.7.1","pyyaml==6.0","pyzmq==25.0.1","raft-dask==23.2.0","regex==2022.10.31","requests-oauthlib==1.3.1","requests-toolbelt==1.0.0","requests==2.28.2","resampy==0.4.2","rich==13.3.5","rmm==23.2.0","rsa==4.9","scikit-learn==1.2.0","scipy==1.6.3","seaborn==0.12.2","semantic-version==2.10.0","send2trash==1.8.0","sentry-sdk==1.24.0","setuptools==65.5.1","simplejson==3.19.1","six==1.16.0","smart-open==6.3.0","smmap==5.0.0","sortedcontainers==2.4.0","soundfile==0.12.1","soupsieve==2.4","spacy-legacy==3.0.12","spacy-loggers==1.0.4","spacy==3.5.1","sphinx-glpi-theme==0.3","srsly==2.4.6","stack-data==0.6.2","strings-udf==23.2.0","sympy==1.11.1","tbb==2021.8.0","tblib==1.7.0","tensorboard-data-server==0.6.1","tensorboard-plugin-wit==1.8.1","tensorboard==2.9.0","tensorrt==8.5.3.1","terminado==0.17.1","thinc==8.1.9","thop==0.1.1.post2209072238","threadpoolctl==3.1.0","thriftpy2==0.4.16","tinycss2==1.2.1","toml==0.10.2","tomli==2.0.1","toolz==0.12.0","torch-tensorrt==1.4.0.dev0","torch==2.0.0a0+1767026","torchtext==0.13.0a0+fae8e8c","torchvision==0.15.0a0","tornado==6.2","tqdm==4.65.0","traitlets==5.9.0","transformer-engine==0.6.0","treelite-runtime==3.1.0","treelite==3.1.0","triton==2.0.0","typer==0.7.0","types-dataclasses==0.6.6","typing-extensions==4.5.0","ucx-py==0.30.0","uff==0.6.9","ultralytics==8.0.109","urllib3==1.26.14","wasabi==1.1.1","wcwidth==0.2.6","webencodings==0.5.1","websocket-client==1.3.3","werkzeug==2.2.3","wheel==0.38.4","wrapt==1.15.0","wurlitzer==3.0.3","xdoctest==1.0.2","xgboost==1.7.1","zict==2.2.0","zipp==3.14.0"],"local_timestamp":1685258927034},"type":"ws_msg"}
{"payload":{"local_timestamp":1685258927042,"os_packages":["adduser=3.118ubuntu2","apt-utils=2.0.9","apt=2.0.9","autoconf=2.69-11.1","automake=1:1.16.1-4ubuntu6","autotools-dev=20180224.1","base-files=11ubuntu5.6","base-passwd=3.5.47","bash=5.0-6ubuntu1.2","binutils-common=2.34-6ubuntu1.4","binutils-x86-64-linux-gnu=2.34-6ubuntu1.4","binutils=2.34-6ubuntu1.4","bsdutils=1:2.34-0.1ubuntu9.3","build-essential=12.8ubuntu1.1","bzip2=1.0.8-2","ca-certificates=20211016ubuntu0.20.04.1","coreutils=8.30-3ubuntu2","cpp-9=9.4.0-1ubuntu1~20.04.1","cpp=4:9.3.0-1ubuntu2","cuda-cccl-11-8=11.8.89-1","cuda-cccl-12-1=12.1.55-1","cuda-compat-12-1=530.30.02-1","cuda-cudart-11-8=11.8.89-1","cuda-cudart-12-1=12.1.55-1","cuda-cudart-dev-11-8=11.8.89-1","cuda-cudart-dev-12-1=12.1.55-1","cuda-cuobjdump-12-1=12.1.55-1","cuda-cupti-12-1=12.1.62-1","cuda-cupti-dev-12-1=12.1.62-1","cuda-driver-dev-11-8=11.8.89-1","cuda-driver-dev-12-1=12.1.55-1","cuda-gdb-12-1=12.1.55-1","cuda-nvcc-12-1=12.1.66-1","cuda-nvdisasm-12-1=12.1.55-1","cuda-nvml-dev-12-1=12.1.55-1","cuda-nvprof-12-1=12.1.55-1","cuda-nvprune-12-1=12.1.55-1","cuda-nvrtc-11-8=11.8.89-1","cuda-nvrtc-12-1=12.1.55-1","cuda-nvrtc-dev-11-8=11.8.89-1","cuda-nvrtc-dev-12-1=12.1.55-1","cuda-nvtx-12-1=12.1.66-1","cuda-profiler-api-12-1=12.1.55-1","cuda-sanitizer-12-1=12.1.55-1","cuda-toolkit-11-8-config-common=11.8.89-1","cuda-toolkit-11-config-common=11.8.89-1","cuda-toolkit-12-1-config-common=12.1.55-1","cuda-toolkit-12-config-common=12.1.55-1","cuda-toolkit-config-common=12.1.55-1","curl=7.68.0-1ubuntu2.16","dash=0.5.10.2-6","debconf=1.5.73","debianutils=4.9.1","diffutils=1:3.7-3","dirmngr=2.2.19-3ubuntu2.2","dpkg-dev=1.19.7ubuntu3.2","dpkg=1.19.7ubuntu3.2","e2fsprogs=1.45.5-2ubuntu1.1","fdisk=2.34-0.1ubuntu9.3","file=1:5.38-4","findutils=4.7.0-1ubuntu1","g++-9=9.4.0-1ubuntu1~20.04.1","g++=4:9.3.0-1ubuntu2","gcc-10-base=10.3.0-1ubuntu1~20.04","gcc-9-base=9.4.0-1ubuntu1~20.04.1","gcc-9=9.4.0-1ubuntu1~20.04.1","gcc=4:9.3.0-1ubuntu2","gfortran-9=9.4.0-1ubuntu1~20.04.1","gfortran=4:9.3.0-1ubuntu2","git-man=1:2.25.1-1ubuntu3.10","git=1:2.25.1-1ubuntu3.10","gnupg-l10n=2.2.19-3ubuntu2.2","gnupg-utils=2.2.19-3ubuntu2.2","gnupg=2.2.19-3ubuntu2.2","gpg-agent=2.2.19-3ubuntu2.2","gpg-wks-client=2.2.19-3ubuntu2.2","gpg-wks-server=2.2.19-3ubuntu2.2","gpg=2.2.19-3ubuntu2.2","gpgconf=2.2.19-3ubuntu2.2","gpgsm=2.2.19-3ubuntu2.2","gpgv=2.2.19-3ubuntu2.2","grep=3.4-1","gzip=1.10-0ubuntu4.1","hdf5-helpers=1.10.4+repack-11ubuntu1","hostname=3.23","ibverbs-providers=36.0-1","ibverbs-utils=36.0-1","init-system-helpers=1.57","jq=1.6-1ubuntu0.20.04.1","less=551-1ubuntu0.1","libacl1=2.2.53-6","libaec-dev=1.0.4-1","libaec0=1.0.4-1","libapt-pkg6.0=2.0.9","libasan5=9.4.0-1ubuntu1~20.04.1","libasn1-8-heimdal=7.7.0+dfsg-1ubuntu1.4","libasound2-data=1.2.2-2.1ubuntu2.5","libasound2=1.2.2-2.1ubuntu2.5","libassuan0=2.5.3-7ubuntu2","libatlas-base-dev=3.10.3-8ubuntu7","libatlas3-base=3.10.3-8ubuntu7","libatomic1=10.3.0-1ubuntu1~20.04","libattr1=1:2.4.48-5","libaudit-common=1:2.8.5-2ubuntu6","libaudit1=1:2.8.5-2ubuntu6","libbinutils=2.34-6ubuntu1.4","libblkid1=2.34-0.1ubuntu9.3","libbrotli1=1.0.7-6ubuntu0.1","libbsd-dev=0.10.0-1","libbsd0=0.10.0-1","libbz2-1.0=1.0.8-2","libbz2-dev=1.0.8-2","libc-bin=2.31-0ubuntu9.9","libc-dev-bin=2.31-0ubuntu9.9","libc6-dev=2.31-0ubuntu9.9","libc6=2.31-0ubuntu9.9","libcanberra0=0.30-7ubuntu1","libcap-ng0=0.7.9-2.1build1","libcbor0.6=0.6.0-0ubuntu1","libcc1-0=10.3.0-1ubuntu1~20.04","libcom-err2=1.45.5-2ubuntu1.1","libcrypt-dev=1:4.4.10-10ubuntu4","libcrypt1=1:4.4.10-10ubuntu4","libctf-nobfd0=2.34-6ubuntu1.4","libctf0=2.34-6ubuntu1.4","libcublas-11-8=11.11.3.6-1","libcublas-12-1=12.1.0.26-1","libcublas-dev-11-8=11.11.3.6-1","libcublas-dev-12-1=12.1.0.26-1","libcudnn8-dev=8.8.1.3-1+cuda12.0","libcudnn8=8.8.1.3-1+cuda12.0","libcufft-12-1=11.0.2.4-1","libcufft-dev-12-1=11.0.2.4-1","libcufile-12-1=1.6.0.25-1","libcufile-dev-12-1=1.6.0.25-1","libcurand-12-1=10.3.2.56-1","libcurand-dev-12-1=10.3.2.56-1","libcurl3-gnutls=7.68.0-1ubuntu2.16","libcurl4=7.68.0-1ubuntu2.16","libcusolver-12-1=11.4.4.55-1","libcusolver-dev-12-1=11.4.4.55-1","libcusparse-12-1=12.0.2.55-1","libcusparse-dev-12-1=12.0.2.55-1","libcutensor-dev=1.6.2.3-1","libcutensor1=1.6.2.3-1","libdb5.3=5.3.28+dfsg1-0.6ubuntu2","libdebconfclient0=0.251ubuntu1","libdpkg-perl=1.19.7ubuntu3.2","libedit-dev=3.1-20191231-1","libedit2=3.1-20191231-1","liberror-perl=0.17029-1","libexpat1-dev=2.2.9-1ubuntu0.6","libexpat1=2.2.9-1ubuntu0.6","libext2fs2=1.45.5-2ubuntu1.1","libfdisk1=2.34-0.1ubuntu9.3","libffi7=3.3-4","libfido2-1=1.3.1-1ubuntu2","libflac8=1.3.3-1ubuntu0.1","libgcc-9-dev=9.4.0-1ubuntu1~20.04.1","libgcc-s1=10.3.0-1ubuntu1~20.04","libgcrypt20=1.8.5-5ubuntu1.1","libgdbm-compat4=1.18.1-5","libgdbm6=1.18.1-5","libgdrapi=2.3-1","libgflags-dev=2.2.2-1build1","libgflags2.2=2.2.2-1build1","libgfortran-9-dev=9.4.0-1ubuntu1~20.04.1","libgfortran5=10.3.0-1ubuntu1~20.04","libglib2.0-0=2.64.6-1~ubuntu20.04.4","libgmp10=2:6.2.0+dfsg-4ubuntu0.1","libgnutls30=3.6.13-2ubuntu1.7","libgomp1=10.3.0-1ubuntu1~20.04","libgoogle-glog-dev=0.4.0-1build1","libgoogle-glog0v5=0.4.0-1build1","libgpg-error0=1.37-1","libgpm2=1.20.7-5","libgsm1=1.0.18-2","libgssapi-krb5-2=1.17-6ubuntu4.2","libgssapi3-heimdal=7.7.0+dfsg-1ubuntu1.4","libhcrypto4-heimdal=7.7.0+dfsg-1ubuntu1.4","libhdf5-103=1.10.4+repack-11ubuntu1","libhdf5-cpp-103=1.10.4+repack-11ubuntu1","libhdf5-dev=1.10.4+repack-11ubuntu1","libheimbase1-heimdal=7.7.0+dfsg-1ubuntu1.4","libheimntlm0-heimdal=7.7.0+dfsg-1ubuntu1.4","libhogweed5=3.5.1+really3.5.1-2ubuntu0.2","libhx509-5-heimdal=7.7.0+dfsg-1ubuntu1.4","libibumad-dev=36.0-1","libibumad3=36.0-1","libibverbs-dev=36.0-1","libibverbs1=36.0-1","libidn2-0=2.2.0-2","libisl22=0.22.1-1","libitm1=10.3.0-1ubuntu1~20.04","libjpeg-dev=8c-2ubuntu8","libjpeg-turbo8-dev=2.0.3-0ubuntu1.20.04.3","libjpeg-turbo8=2.0.3-0ubuntu1.20.04.3","libjpeg8-dev=8c-2ubuntu8","libjpeg8=8c-2ubuntu8","libjq1=1.6-1ubuntu0.20.04.1","libk5crypto3=1.17-6ubuntu4.2","libkeyutils1=1.6-6ubuntu1.1","libkrb5-26-heimdal=7.7.0+dfsg-1ubuntu1.4","libkrb5-3=1.17-6ubuntu4.2","libkrb5support0=1.17-6ubuntu4.2","libksba8=1.3.5-2ubuntu0.20.04.2","libldap-2.4-2=2.4.49+dfsg-2ubuntu1.9","libldap-common=2.4.49+dfsg-2ubuntu1.9","libleveldb-dev=1.22-3ubuntu2","libleveldb1d=1.22-3ubuntu2","liblmdb-dev=0.9.24-1","liblmdb0=0.9.24-1","liblsan0=10.3.0-1ubuntu1~20.04","libltdl7=2.4.6-14","liblz4-1=1.9.2-2ubuntu0.20.04.1","liblzma5=5.2.4-1ubuntu1.1","libmagic-mgc=1:5.38-4","libmagic1=1:5.38-4","libmount1=2.34-0.1ubuntu9.3","libmpc3=1.1.0-1","libmpdec2=2.4.2-3","libmpfr6=4.0.2-1","libnccl-dev=2.17.1-1+cuda12.1","libnccl2=2.17.1-1+cuda12.1","libncurses-dev=6.2-0ubuntu2","libncurses5=6.2-0ubuntu2","libncurses6=6.2-0ubuntu2","libncursesw5=6.2-0ubuntu2","libncursesw6=6.2-0ubuntu2","libnettle7=3.5.1+really3.5.1-2ubuntu0.2","libnghttp2-14=1.40.0-1build1","libnl-3-200=3.4.0-1ubuntu0.1","libnl-3-dev=3.4.0-1ubuntu0.1","libnl-route-3-200=3.4.0-1ubuntu0.1","libnl-route-3-dev=3.4.0-1ubuntu0.1","libnpp-12-1=12.0.2.50-1","libnpp-dev-12-1=12.0.2.50-1","libnpth0=1.6-1","libnuma-dev=2.0.12-1","libnuma1=2.0.12-1","libnvinfer-bin=8.5.3-1+cuda11.8","libnvinfer-dev=8.5.3-1+cuda11.8","libnvinfer-plugin-dev=8.5.3-1+cuda11.8","libnvinfer-plugin8=8.5.3-1+cuda11.8","libnvinfer8=8.5.3-1+cuda11.8","libnvjitlink-12-1=12.1.55-1","libnvjitlink-dev-12-1=12.1.55-1","libnvjpeg-12-1=12.1.0.39-1","libnvjpeg-dev-12-1=12.1.0.39-1","libnvonnxparsers-dev=8.5.3-1+cuda11.8","libnvonnxparsers8=8.5.3-1+cuda11.8","libnvparsers-dev=8.5.3-1+cuda11.8","libnvparsers8=8.5.3-1+cuda11.8","libogg0=1.3.4-0ubuntu1","libonig5=6.9.4-1","libopencore-amrnb0=0.1.5-1","libopencore-amrwb0=0.1.5-1","libp11-kit0=0.23.20-1ubuntu0.1","libpam-modules-bin=1.3.1-5ubuntu4.4","libpam-modules=1.3.1-5ubuntu4.4","libpam-runtime=1.3.1-5ubuntu4.4","libpam0g=1.3.1-5ubuntu4.4","libpcre2-8-0=10.34-7ubuntu0.1","libpcre3=2:8.39-12ubuntu0.1","libperl5.30=5.30.0-9ubuntu0.3","libpmi2-0-dev=19.05.5-1","libpmi2-0=19.05.5-1","libpng-dev=1.6.37-2","libpng16-16=1.6.37-2","libpopt0=1.16-14","libprocps8=2:3.3.16-1ubuntu2.3","libprotobuf-dev=3.6.1.3-2ubuntu5","libprotobuf-lite17=3.6.1.3-2ubuntu5","libprotobuf17=3.6.1.3-2ubuntu5","libprotoc17=3.6.1.3-2ubuntu5","libpsl5=0.21.0-1ubuntu1","libpython3-dev=3.8.2-0ubuntu2","libpython3-stdlib=3.8.2-0ubuntu2","libpython3.8-dev=3.8.10-0ubuntu1~20.04.6","libpython3.8-minimal=3.8.10-0ubuntu1~20.04.6","libpython3.8-stdlib=3.8.10-0ubuntu1~20.04.6","libpython3.8=3.8.10-0ubuntu1~20.04.6","libquadmath0=10.3.0-1ubuntu1~20.04","librdmacm-dev=36.0-1","librdmacm1=36.0-1","libreadline8=8.0-4","libroken18-heimdal=7.7.0+dfsg-1ubuntu1.4","librtmp1=2.4+20151223.gitfa8646d.1-2build1","libsasl2-2=2.1.27+dfsg-2ubuntu0.1","libsasl2-modules-db=2.1.27+dfsg-2ubuntu0.1","libseccomp2=2.5.1-1ubuntu1~20.04.2","libselinux1=3.0-1build2","libsemanage-common=3.0-1build2","libsemanage1=3.0-1build2","libsepol1=3.0-1ubuntu0.1","libsigsegv2=2.12-2","libslurm34=19.05.5-1","libsmartcols1=2.34-0.1ubuntu9.3","libsnappy-dev=1.1.8-1build1","libsnappy1v5=1.1.8-1build1","libsndfile1=1.0.28-7ubuntu0.1","libsox-fmt-alsa=14.4.2+git20190427-2","libsox-fmt-base=14.4.2+git20190427-2","libsox3=14.4.2+git20190427-2","libsqlite3-0=3.31.1-4ubuntu0.5","libss2=1.45.5-2ubuntu1.1","libssh-4=0.9.3-2ubuntu2.2","libssl1.1=1.1.1f-1ubuntu2.17","libstdc++-9-dev=9.4.0-1ubuntu1~20.04.1","libstdc++6=10.3.0-1ubuntu1~20.04","libsystemd0=245.4-4ubuntu3.19","libsz2=1.0.4-1","libtasn1-6=4.16.0-2","libtcmalloc-minimal4=2.7-1ubuntu2","libtdb1=1.4.3-0ubuntu0.20.04.1","libtinfo5=6.2-0ubuntu2","libtinfo6=6.2-0ubuntu2","libtool=2.4.6-14","libtsan0=10.3.0-1ubuntu1~20.04","libubsan1=10.3.0-1ubuntu1~20.04","libudev1=245.4-4ubuntu3.19","libunistring2=0.9.10-2","libunwind8=1.2.1-9build1","libuuid1=2.34-0.1ubuntu9.3","libvorbis0a=1.3.6-2ubuntu1","libvorbisenc2=1.3.6-2ubuntu1","libvorbisfile3=1.3.6-2ubuntu1","libwavpack1=5.2.0-1ubuntu0.1","libwind0-heimdal=7.7.0+dfsg-1ubuntu1.4","libzstd1=1.4.4+dfsg-3ubuntu0.1","linux-libc-dev=5.4.0-139.156","login=1:4.8.1-1ubuntu5.20.04.4","logsave=1.45.5-2ubuntu1.1","lsb-base=11.1.0ubuntu2","m4=1.4.18-4","make=4.2.1-1.2","mawk=1.3.4.20200120-2","mime-support=3.64ubuntu1","mount=2.34-0.1ubuntu9.3","nano=4.8-1ubuntu1","nasm=2.14.02-1","ncurses-base=6.2-0ubuntu2","ncurses-bin=6.2-0ubuntu2","ninja-build=1.10.0-1build1","nsight-compute-2023.1.0=2023.1.0.15-1","nsight-systems-cli-2023.1.1=2023.1.1.127-32365746v0","numactl=2.0.12-1","openssh-client=1:8.2p1-4ubuntu0.5","openssl=1.1.1f-1ubuntu2.17","passwd=1:4.8.1-1ubuntu5.20.04.4","patch=2.7.6-6","perl-base=5.30.0-9ubuntu0.3","perl-modules-5.30=5.30.0-9ubuntu0.3","perl=5.30.0-9ubuntu0.3","pinentry-curses=1.1.0-3build1","pkg-config=0.29.1-0ubuntu4","procps=2:3.3.16-1ubuntu2.3","protobuf-compiler=3.6.1.3-2ubuntu5","python-is-python3=3.8.2-4","python3-dev=3.8.2-0ubuntu2","python3-distutils=3.8.10-0ubuntu1~20.04","python3-lib2to3=3.8.10-0ubuntu1~20.04","python3-minimal=3.8.2-0ubuntu2","python3.8-dev=3.8.10-0ubuntu1~20.04.6","python3.8-minimal=3.8.10-0ubuntu1~20.04.6","python3.8=3.8.10-0ubuntu1~20.04.6","python3=3.8.2-0ubuntu2","rapidjson-dev=1.1.0+dfsg2-5ubuntu1","readline-common=8.0-4","rsync=3.1.3-8ubuntu0.4","sed=4.7-1","sensible-utils=0.0.12+nmu1","sound-theme-freedesktop=0.8-2ubuntu1","sox=14.4.2+git20190427-2","sysvinit-utils=2.96-2.1ubuntu1","tar=1.30+dfsg-7ubuntu0.20.04.2","tensorrt-dev=8.5.3.1-1+cuda11.8","ubuntu-keyring=2020.02.11.4","unzip=6.0-25ubuntu1.1","util-linux=2.34-0.1ubuntu9.3","vim-common=2:8.1.2269-1ubuntu5.11","vim-runtime=2:8.1.2269-1ubuntu5.11","vim=2:8.1.2269-1ubuntu5.11","wget=1.20.3-1ubuntu2","xxd=2:8.1.2269-1ubuntu5.11","xz-utils=5.2.4-1ubuntu1.1","zlib1g-dev=1:1.2.11.dfsg-2ubuntu1.5","zlib1g=1:1.2.11.dfsg-2ubuntu1.5"]},"type":"ws_msg"}
{"payload":{"env_details":{"command":["train.py","--img","640","--epochs","50","--data","/pytorch/datasets/z410/data.yaml","--weights","yolov5s.pt","--batch-size","6","--cache","ram"],"env":null,"hostname":"LAPTOP-DCFHC7VN","ip":"172.18.24.182","machine":"x86_64","os":"Linux-5.15.90.1-microsoft-standard-WSL2-x86_64-with-glibc2.29","os_release":"5.15.90.1-microsoft-standard-WSL2","os_type":"Linux","pid":20132,"processor":"x86_64","python_exe":"/usr/bin/python","python_version":"3.8.10","python_version_verbose":"3.8.10 (default, Nov 14 2022, 12:59:47) \n[GCC 9.4.0]","user":"root"},"local_timestamp":1685258927062},"type":"ws_msg"}
{"payload":{"gpu_static_info":[{"gpu_index":0,"name":"NVIDIA GeForce RTX 3050 Laptop GPU","power_limit":null,"total_memory":4294967296,"uuid":"GPU-41e5ca25-e24b-de9a-0d5b-c503b35c6662"}],"local_timestamp":1685258927066},"type":"ws_msg"}
{"payload":{"local_timestamp":1685258927067,"metric":{"epoch":null,"metricName":"sys.gpu.0.total_memory","metricValue":4294967296,"step":null}},"type":"metric_msg"}
{"payload":{"local_timestamp":1685258927071,"param":{"paramName":"img","paramValue":640,"source":"cli","step":null}},"type":"parameter_msg"}
{"payload":{"local_timestamp":1685258927072,"param":{"paramName":"epochs","paramValue":50,"source":"cli","step":null}},"type":"parameter_msg"}
{"payload":{"local_timestamp":1685258927072,"param":{"paramName":"data","paramValue":"/pytorch/datasets/z410/data.yaml","source":"cli","step":null}},"type":"parameter_msg"}
{"payload":{"local_timestamp":1685258927073,"param":{"paramName":"weights","paramValue":"yolov5s.pt","source":"cli","step":null}},"type":"parameter_msg"}
{"payload":{"local_timestamp":1685258927073,"param":{"paramName":"batch-size","paramValue":6,"source":"cli","step":null}},"type":"parameter_msg"}
{"payload":{"local_timestamp":1685258927073,"param":{"paramName":"cache","paramValue":"ram","source":"cli","step":null}},"type":"parameter_msg"}
{"payload":{"local_timestamp":1685258927074,"log_other":{"key":"offline_experiment","val":true}},"type":"ws_msg"}
{"payload":{"local_timestamp":1685258927077,"metric":{"epoch":null,"metricName":"sys.cpu.percent.avg","metricValue":12.991666666666667,"step":null}},"type":"metric_msg"}
{"payload":{"local_timestamp":1685258927077,"metric":{"epoch":null,"metricName":"sys.load.avg","metricValue":0.26,"step":null}},"type":"metric_msg"}
{"payload":{"local_timestamp":1685258927077,"metric":{"epoch":null,"metricName":"sys.ram.total","metricValue":33505251328,"step":null}},"type":"metric_msg"}
{"payload":{"local_timestamp":1685258927077,"metric":{"epoch":null,"metricName":"sys.ram.used","metricValue":3178291200,"step":null}},"type":"metric_msg"}
{"payload":{"additional_params":{"assetId":"a44a90d2d2bf429ca89f8a3f8db15cf6","context":null,"extension":"yaml","fileName":"data.yaml","overwrite":false,"runId":null,"step":null},"clean":true,"file_path":"tmp339tderm","local_timestamp":1685258927085,"metadata":{"type":"data-config-file"},"upload_type":"asset"},"type":"file_upload"}
{"payload":{"local_timestamp":1685258927085,"metric":{"epoch":null,"metricName":"sys.gpu.0.free_memory","metricValue":3051511808,"step":null}},"type":"metric_msg"}
{"payload":{"local_timestamp":1685258927086,"metric":{"epoch":null,"metricName":"sys.gpu.0.gpu_utilization","metricValue":26,"step":null}},"type":"metric_msg"}
{"payload":{"local_timestamp":1685258927086,"metric":{"epoch":null,"metricName":"sys.gpu.0.power_usage","metricValue":7678,"step":null}},"type":"metric_msg"}
{"payload":{"local_timestamp":1685258927086,"metric":{"epoch":null,"metricName":"sys.gpu.0.temperature","metricValue":46,"step":null}},"type":"metric_msg"}
{"payload":{"local_timestamp":1685258927086,"metric":{"epoch":null,"metricName":"sys.gpu.0.used_memory","metricValue":1243455488,"step":null}},"type":"metric_msg"}
{"payload":{"local_timestamp":1685258927098,"log_other":{"key":"Created from","val":"YOLOv5"}},"type":"ws_msg"}
{"payload":{"local_timestamp":1685258927098,"param":{"paramName":"artifact_alias","paramValue":"latest","source":"manual","step":null}},"type":"parameter_msg"}
{"payload":{"local_timestamp":1685258927098,"param":{"paramName":"batch_size","paramValue":6,"source":"manual","step":null}},"type":"parameter_msg"}
{"payload":{"local_timestamp":1685258927098,"param":{"paramName":"bbox_interval","paramValue":-1,"source":"manual","step":null}},"type":"parameter_msg"}
{"payload":{"local_timestamp":1685258927098,"param":{"paramName":"bucket","paramValue":"","source":"manual","step":null}},"type":"parameter_msg"}
{"payload":{"local_timestamp":1685258927099,"param":{"paramName":"cfg","paramValue":"","source":"manual","step":null}},"type":"parameter_msg"}
{"payload":{"local_timestamp":1685258927099,"param":{"paramName":"cos_lr","paramValue":false,"source":"manual","step":null}},"type":"parameter_msg"}
{"payload":{"local_timestamp":1685258927099,"param":{"paramName":"device","paramValue":"","source":"manual","step":null}},"type":"parameter_msg"}
{"payload":{"local_timestamp":1685258927099,"param":{"paramName":"entity","paramValue":null,"source":"manual","step":null}},"type":"parameter_msg"}
{"payload":{"local_timestamp":1685258927099,"param":{"paramName":"evolve","paramValue":null,"source":"manual","step":null}},"type":"parameter_msg"}
{"payload":{"local_timestamp":1685258927099,"param":{"paramName":"exist_ok","paramValue":false,"source":"manual","step":null}},"type":"parameter_msg"}
{"payload":{"local_timestamp":1685258927099,"params":{"paramName":"freeze","paramValue":[0],"source":"manual","step":null}},"type":"parameter_msg"}
{"payload":{"local_timestamp":1685258927099,"param":{"paramName":"hyp","paramValue":"{\"anchor_t\": 4.0, \"box\": 0.05, \"cls\": 0.5, \"cls_pw\": 1.0, \"copy_paste\": 0.0, \"degrees\": 0.0, \"fl_gamma\": 0.0, \"fliplr\": 0.5, \"flipud\": 0.0, \"hsv_h\": 0.015, \"hsv_s\": 0.7, \"hsv_v\": 0.4, \"iou_t\": 0.2, \"lr0\": 0.01, \"lrf\": 0.01, \"mixup\": 0.0, \"momentum\": 0.937, \"mosaic\": 1.0, \"obj\": 1.0, \"obj_pw\": 1.0, \"perspective\": 0.0, \"scale\": 0.5, \"shear\": 0.0, \"translate\": 0.1, \"warmup_bias_lr\": 0.1, \"warmup_epochs\": 3.0, \"warmup_momentum\": 0.8, \"weight_decay\": 0.0005}","source":"manual","step":null}},"type":"parameter_msg"}
{"payload":{"local_timestamp":1685258927100,"param":{"paramName":"image_weights","paramValue":false,"source":"manual","step":null}},"type":"parameter_msg"}
{"payload":{"local_timestamp":1685258927100,"param":{"paramName":"imgsz","paramValue":640,"source":"manual","step":null}},"type":"parameter_msg"}
{"payload":{"local_timestamp":1685258927100,"param":{"paramName":"label_smoothing","paramValue":0.0,"source":"manual","step":null}},"type":"parameter_msg"}
{"payload":{"local_timestamp":1685258927100,"param":{"paramName":"local_rank","paramValue":-1,"source":"manual","step":null}},"type":"parameter_msg"}
{"payload":{"local_timestamp":1685258927100,"param":{"paramName":"multi_scale","paramValue":false,"source":"manual","step":null}},"type":"parameter_msg"}
{"payload":{"local_timestamp":1685258927100,"param":{"paramName":"name","paramValue":"exp","source":"manual","step":null}},"type":"parameter_msg"}
{"payload":{"local_timestamp":1685258927100,"param":{"paramName":"noautoanchor","paramValue":false,"source":"manual","step":null}},"type":"parameter_msg"}
{"payload":{"local_timestamp":1685258927100,"param":{"paramName":"noplots","paramValue":false,"source":"manual","step":null}},"type":"parameter_msg"}
{"payload":{"local_timestamp":1685258927100,"param":{"paramName":"nosave","paramValue":false,"source":"manual","step":null}},"type":"parameter_msg"}
{"payload":{"local_timestamp":1685258927100,"param":{"paramName":"noval","paramValue":false,"source":"manual","step":null}},"type":"parameter_msg"}
{"payload":{"local_timestamp":1685258927100,"param":{"paramName":"optimizer","paramValue":"SGD","source":"manual","step":null}},"type":"parameter_msg"}
{"payload":{"local_timestamp":1685258927100,"param":{"paramName":"patience","paramValue":100,"source":"manual","step":null}},"type":"parameter_msg"}
{"payload":{"local_timestamp":1685258927100,"param":{"paramName":"project","paramValue":"runs/train","source":"manual","step":null}},"type":"parameter_msg"}
{"payload":{"local_timestamp":1685258927100,"param":{"paramName":"quad","paramValue":false,"source":"manual","step":null}},"type":"parameter_msg"}
{"payload":{"local_timestamp":1685258927100,"param":{"paramName":"rect","paramValue":false,"source":"manual","step":null}},"type":"parameter_msg"}
{"payload":{"local_timestamp":1685258927100,"param":{"paramName":"resume","paramValue":false,"source":"manual","step":null}},"type":"parameter_msg"}
{"payload":{"local_timestamp":1685258927100,"param":{"paramName":"save_dir","paramValue":"runs/train/exp19","source":"manual","step":null}},"type":"parameter_msg"}
{"payload":{"local_timestamp":1685258927100,"param":{"paramName":"save_period","paramValue":-1,"source":"manual","step":null}},"type":"parameter_msg"}
{"payload":{"local_timestamp":1685258927100,"param":{"paramName":"seed","paramValue":0,"source":"manual","step":null}},"type":"parameter_msg"}
{"payload":{"local_timestamp":1685258927100,"param":{"paramName":"single_cls","paramValue":false,"source":"manual","step":null}},"type":"parameter_msg"}
{"payload":{"local_timestamp":1685258927100,"param":{"paramName":"sync_bn","paramValue":false,"source":"manual","step":null}},"type":"parameter_msg"}
{"payload":{"local_timestamp":1685258927100,"param":{"paramName":"upload_dataset","paramValue":false,"source":"manual","step":null}},"type":"parameter_msg"}
{"payload":{"local_timestamp":1685258927100,"param":{"paramName":"workers","paramValue":8,"source":"manual","step":null}},"type":"parameter_msg"}
{"payload":{"local_timestamp":1685258927100,"param":{"paramName":"anchor_t","paramValue":4.0,"source":"manual","step":null}},"type":"parameter_msg"}
{"payload":{"local_timestamp":1685258927100,"param":{"paramName":"box","paramValue":0.05,"source":"manual","step":null}},"type":"parameter_msg"}
{"payload":{"local_timestamp":1685258927100,"param":{"paramName":"cls","paramValue":0.5,"source":"manual","step":null}},"type":"parameter_msg"}
{"payload":{"local_timestamp":1685258927100,"param":{"paramName":"cls_pw","paramValue":1.0,"source":"manual","step":null}},"type":"parameter_msg"}
{"payload":{"local_timestamp":1685258927100,"param":{"paramName":"copy_paste","paramValue":0.0,"source":"manual","step":null}},"type":"parameter_msg"}
{"payload":{"local_timestamp":1685258927100,"param":{"paramName":"degrees","paramValue":0.0,"source":"manual","step":null}},"type":"parameter_msg"}
{"payload":{"local_timestamp":1685258927100,"param":{"paramName":"fl_gamma","paramValue":0.0,"source":"manual","step":null}},"type":"parameter_msg"}
{"payload":{"local_timestamp":1685258927100,"param":{"paramName":"fliplr","paramValue":0.5,"source":"manual","step":null}},"type":"parameter_msg"}
{"payload":{"local_timestamp":1685258927100,"param":{"paramName":"flipud","paramValue":0.0,"source":"manual","step":null}},"type":"parameter_msg"}
{"payload":{"local_timestamp":1685258927100,"param":{"paramName":"hsv_h","paramValue":0.015,"source":"manual","step":null}},"type":"parameter_msg"}
{"payload":{"local_timestamp":1685258927100,"param":{"paramName":"hsv_s","paramValue":0.7,"source":"manual","step":null}},"type":"parameter_msg"}
{"payload":{"local_timestamp":1685258927100,"param":{"paramName":"hsv_v","paramValue":0.4,"source":"manual","step":null}},"type":"parameter_msg"}
{"payload":{"local_timestamp":1685258927100,"param":{"paramName":"iou_t","paramValue":0.2,"source":"manual","step":null}},"type":"parameter_msg"}
{"payload":{"local_timestamp":1685258927100,"param":{"paramName":"lr0","paramValue":0.01,"source":"manual","step":null}},"type":"parameter_msg"}
{"payload":{"local_timestamp":1685258927100,"param":{"paramName":"lrf","paramValue":0.01,"source":"manual","step":null}},"type":"parameter_msg"}
{"payload":{"local_timestamp":1685258927100,"param":{"paramName":"mixup","paramValue":0.0,"source":"manual","step":null}},"type":"parameter_msg"}
{"payload":{"local_timestamp":1685258927100,"param":{"paramName":"momentum","paramValue":0.937,"source":"manual","step":null}},"type":"parameter_msg"}
{"payload":{"local_timestamp":1685258927100,"param":{"paramName":"mosaic","paramValue":1.0,"source":"manual","step":null}},"type":"parameter_msg"}
{"payload":{"local_timestamp":1685258927100,"param":{"paramName":"obj","paramValue":1.0,"source":"manual","step":null}},"type":"parameter_msg"}
{"payload":{"local_timestamp":1685258927100,"param":{"paramName":"obj_pw","paramValue":1.0,"source":"manual","step":null}},"type":"parameter_msg"}
{"payload":{"local_timestamp":1685258927100,"param":{"paramName":"perspective","paramValue":0.0,"source":"manual","step":null}},"type":"parameter_msg"}
{"payload":{"local_timestamp":1685258927100,"param":{"paramName":"scale","paramValue":0.5,"source":"manual","step":null}},"type":"parameter_msg"}
{"payload":{"local_timestamp":1685258927100,"param":{"paramName":"shear","paramValue":0.0,"source":"manual","step":null}},"type":"parameter_msg"}
{"payload":{"local_timestamp":1685258927100,"param":{"paramName":"translate","paramValue":0.1,"source":"manual","step":null}},"type":"parameter_msg"}
{"payload":{"local_timestamp":1685258927100,"param":{"paramName":"warmup_bias_lr","paramValue":0.1,"source":"manual","step":null}},"type":"parameter_msg"}
{"payload":{"local_timestamp":1685258927100,"param":{"paramName":"warmup_epochs","paramValue":3.0,"source":"manual","step":null}},"type":"parameter_msg"}
{"payload":{"local_timestamp":1685258927100,"param":{"paramName":"warmup_momentum","paramValue":0.8,"source":"manual","step":null}},"type":"parameter_msg"}
{"payload":{"local_timestamp":1685258927100,"param":{"paramName":"weight_decay","paramValue":0.0005,"source":"manual","step":null}},"type":"parameter_msg"}
{"payload":{"additional_params":{"assetId":"0a25504839f24732b9d1dbfd6e19e3be","context":null,"epoch":null,"extension":"json","fileName":"hyperparameters.json","overwrite":false,"runId":null,"step":null},"clean":true,"file_path":"tmpf9dw419y","local_timestamp":1685258927110,"metadata":{"type":"hyp-config-file"},"upload_type":"asset"},"type":"file_upload"}
{"payload":{"additional_params":{"assetId":"9bc21215e35f45ac91dad68e87fa2404","context":null,"extension":"yaml","fileName":"opt.yaml","overwrite":false,"runId":null,"step":null},"clean":true,"file_path":"tmpltr2sccg","local_timestamp":1685258927117,"metadata":{"type":"opt-config-file"},"upload_type":"asset"},"type":"file_upload"}
{"payload":{"local_timestamp":1685258927117,"param":{"paramName":"val_conf_threshold","paramValue":0.001,"source":"manual","step":null}},"type":"parameter_msg"}
{"payload":{"local_timestamp":1685258927117,"param":{"paramName":"val_iou_threshold","paramValue":0.6,"source":"manual","step":null}},"type":"parameter_msg"}
{"payload":{"local_timestamp":1685258927117,"log_other":{"key":"comet_mode","val":"online"}},"type":"ws_msg"}
{"payload":{"local_timestamp":1685258927117,"log_other":{"key":"comet_max_image_uploads","val":100}},"type":"ws_msg"}
{"payload":{"local_timestamp":1685258927117,"log_other":{"key":"comet_log_per_class_metrics","val":false}},"type":"ws_msg"}
{"payload":{"local_timestamp":1685258927117,"log_other":{"key":"comet_log_batch_metrics","val":false}},"type":"ws_msg"}
{"payload":{"local_timestamp":1685258927117,"log_other":{"key":"comet_log_confusion_matrix","val":true}},"type":"ws_msg"}
{"payload":{"local_timestamp":1685258927117,"log_other":{"key":"comet_model_name","val":"yolov5"}},"type":"ws_msg"}
{"payload":{"local_timestamp":1685258927252,"stderr":true,"stdout":"Overriding model.yaml nc=80 with nc=1\n"},"type":"ws_msg"}
{"payload":{"local_timestamp":1685258927253,"stderr":true,"stdout":"\n                 from  n    params  module                                  arguments                     \n"},"type":"ws_msg"}
{"payload":{"local_timestamp":1685258927256,"stderr":true,"stdout":"  0                -1  1      3520  models.common.Conv                      [3, 32, 6, 2, 2]              \n"},"type":"ws_msg"}
{"payload":{"local_timestamp":1685258927259,"stderr":true,"stdout":"  1                -1  1     18560  models.common.Conv                      [32, 64, 3, 2]                \n"},"type":"ws_msg"}
{"payload":{"local_timestamp":1685258927268,"stderr":true,"stdout":"  2                -1  1     18816  models.common.C3                        [64, 64, 1]                   \n"},"type":"ws_msg"}
{"payload":{"local_timestamp":1685258927272,"stderr":true,"stdout":"  3                -1  1     73984  models.common.Conv                      [64, 128, 3, 2]               \n"},"type":"ws_msg"}
{"payload":{"local_timestamp":1685258927284,"stderr":true,"stdout":"  4                -1  2    115712  models.common.C3                        [128, 128, 2]                 \n"},"type":"ws_msg"}
{"payload":{"local_timestamp":1685258927289,"stderr":true,"stdout":"  5                -1  1    295424  models.common.Conv                      [128, 256, 3, 2]              \n"},"type":"ws_msg"}
{"payload":{"local_timestamp":1685258927310,"stderr":true,"stdout":"  6                -1  3    625152  models.common.C3                        [256, 256, 3]                 \n"},"type":"ws_msg"}
{"payload":{"local_timestamp":1685258927323,"stderr":true,"stdout":"  7                -1  1   1180672  models.common.Conv                      [256, 512, 3, 2]              \n"},"type":"ws_msg"}
{"payload":{"local_timestamp":1685258927345,"stderr":true,"stdout":"  8                -1  1   1182720  models.common.C3                        [512, 512, 1]                 \n"},"type":"ws_msg"}
{"payload":{"local_timestamp":1685258927355,"stderr":true,"stdout":"  9                -1  1    656896  models.common.SPPF                      [512, 512, 5]                 \n"},"type":"ws_msg"}
{"payload":{"local_timestamp":1685258927361,"stderr":true,"stdout":" 10                -1  1    131584  models.common.Conv                      [512, 256, 1, 1]              \n"},"type":"ws_msg"}
{"payload":{"local_timestamp":1685258927362,"stderr":true,"stdout":" 11                -1  1         0  torch.nn.modules.upsampling.Upsample    [None, 2, 'nearest']          \n"},"type":"ws_msg"}
{"payload":{"local_timestamp":1685258927363,"stderr":true,"stdout":" 12           [-1, 6]  1         0  models.common.Concat                    [1]                           \n"},"type":"ws_msg"}
{"payload":{"local_timestamp":1685258927379,"stderr":true,"stdout":" 13                -1  1    361984  models.common.C3                        [512, 256, 1, False]          \n"},"type":"ws_msg"}
{"payload":{"local_timestamp":1685258927382,"stderr":true,"stdout":" 14                -1  1     33024  models.common.Conv                      [256, 128, 1, 1]              \n"},"type":"ws_msg"}
{"payload":{"local_timestamp":1685258927384,"stderr":true,"stdout":" 15                -1  1         0  torch.nn.modules.upsampling.Upsample    [None, 2, 'nearest']          \n"},"type":"ws_msg"}
{"payload":{"local_timestamp":1685258927385,"stderr":true,"stdout":" 16           [-1, 4]  1         0  models.common.Concat                    [1]                           \n"},"type":"ws_msg"}
{"payload":{"local_timestamp":1685258927391,"stderr":true,"stdout":" 17                -1  1     90880  models.common.C3                        [256, 128, 1, False]          \n"},"type":"ws_msg"}
{"payload":{"local_timestamp":1685258927395,"stderr":true,"stdout":" 18                -1  1    147712  models.common.Conv                      [128, 128, 3, 2]              \n"},"type":"ws_msg"}
{"payload":{"local_timestamp":1685258927396,"stderr":true,"stdout":" 19          [-1, 14]  1         0  models.common.Concat                    [1]                           \n"},"type":"ws_msg"}
{"payload":{"local_timestamp":1685258927407,"stderr":true,"stdout":" 20                -1  1    296448  models.common.C3                        [256, 256, 1, False]          \n"},"type":"ws_msg"}
{"payload":{"local_timestamp":1685258927417,"stderr":true,"stdout":" 21                -1  1    590336  models.common.Conv                      [256, 256, 3, 2]              \n"},"type":"ws_msg"}
{"payload":{"local_timestamp":1685258927417,"stderr":true,"stdout":" 22          [-1, 10]  1         0  models.common.Concat                    [1]                           \n"},"type":"ws_msg"}
{"payload":{"local_timestamp":1685258927434,"stderr":true,"stdout":" 23                -1  1   1182720  models.common.C3                        [512, 512, 1, False]          \n"},"type":"ws_msg"}
{"payload":{"local_timestamp":1685258927440,"stderr":true,"stdout":" 24      [17, 20, 23]  1     16182  models.yolo.Detect                      [1, [[10, 13, 16, 30, 33, 23], [30, 61, 62, 45, 59, 119], [116, 90, 156, 198, 373, 326]], [128, 256, 512]]\n"},"type":"ws_msg"}
{"payload":{"git_meta":{"branch":"refs/heads/master","origin":"https://github.com/ultralytics/yolov5","parent":"c3c130416323f3766d4abe95c2ff88bc9e2264dd","repo_name":"yolov5","root":"1e84a23f38fad9e52b59101e9f1246d93066ed1e","status":null,"user":null},"local_timestamp":1685258927972},"type":"ws_msg"}
{"payload":{"local_timestamp":1685258927993,"stderr":true,"stdout":"Model summary: 214 layers, 7022326 parameters, 7022326 gradients, 15.9 GFLOPs\n\n"},"type":"ws_msg"}
{"payload":{"local_timestamp":1685258928260,"stderr":true,"stdout":"Transferred 343/349 items from yolov5s.pt\n"},"type":"ws_msg"}
{"payload":{"local_timestamp":1685258929425,"stderr":true,"stdout":"\u001b[34m\u001b[1mAMP: \u001b[0mchecks passed \u2705\n"},"type":"ws_msg"}
{"payload":{"local_timestamp":1685258929429,"stderr":true,"stdout":"\u001b[34m\u001b[1moptimizer:\u001b[0m SGD(lr=0.01) with parameter groups 57 weight(decay=0.0), 60 weight(decay=0.000515625), 60 bias\n"},"type":"ws_msg"}
{"payload":{"local_timestamp":1685258929489,"stderr":true,"stdout":"\r\u001b[34m\u001b[1mtrain: \u001b[0mScanning /pytorch/datasets/z410/train/labels.cache... 14 images, 9 backgrounds, 0 corrupt: 100%|\u2588\u2588\u2588\u2588\u2588\u2588\u2588\u2588\u2588\u2588| 14/14 [00:00<?, ?it/s]"},"type":"ws_msg"}
{"payload":{"local_timestamp":1685258929489,"stderr":true,"stdout":"\r\u001b[34m\u001b[1mtrain: \u001b[0mScanning /pytorch/datasets/z410/train/labels.cache... 14 images, 9 backgrounds, 0 corrupt: 100%|\u2588\u2588\u2588\u2588\u2588\u2588\u2588\u2588\u2588\u2588| 14/14 [00:00<?, ?it/s]\n"},"type":"ws_msg"}
{"payload":{"local_timestamp":1685258929500,"stderr":true,"stdout":"\r  0%|          | 0/14 [00:00<?, ?it/s]"},"type":"ws_msg"}
{"payload":{"local_timestamp":1685258929513,"stderr":true,"stdout":"\r\u001b[34m\u001b[1mtrain: \u001b[0mCaching images (0.0GB ram): 100%|\u2588\u2588\u2588\u2588\u2588\u2588\u2588\u2588\u2588\u2588| 14/14 [00:00<00:00, 1049.76it/s]\n"},"type":"ws_msg"}
{"payload":{"local_timestamp":1685258929690,"stderr":true,"stdout":"\r\u001b[34m\u001b[1mval: \u001b[0mScanning /pytorch/datasets/z410/valid/labels.cache... 4 images, 3 backgrounds, 0 corrupt: 100%|\u2588\u2588\u2588\u2588\u2588\u2588\u2588\u2588\u2588\u2588| 4/4 [00:00<?, ?it/s]"},"type":"ws_msg"}
{"payload":{"local_timestamp":1685258929691,"stderr":true,"stdout":"\r\u001b[34m\u001b[1mval: \u001b[0mScanning /pytorch/datasets/z410/valid/labels.cache... 4 images, 3 backgrounds, 0 corrupt: 100%|\u2588\u2588\u2588\u2588\u2588\u2588\u2588\u2588\u2588\u2588| 4/4 [00:00<?, ?it/s]"},"type":"ws_msg"}
{"payload":{"local_timestamp":1685258929692,"stderr":true,"stdout":"\n"},"type":"ws_msg"}
{"payload":{"local_timestamp":1685258929702,"stderr":true,"stdout":"\r  0%|          | 0/4 [00:00<?, ?it/s]"},"type":"ws_msg"}
{"payload":{"local_timestamp":1685258929711,"stderr":true,"stdout":"\r\u001b[34m\u001b[1mval: \u001b[0mCaching images (0.0GB ram): 100%|\u2588\u2588\u2588\u2588\u2588\u2588\u2588\u2588\u2588\u2588| 4/4 [00:00<00:00, 481.19it/s]"},"type":"ws_msg"}
{"payload":{"local_timestamp":1685258929711,"stderr":true,"stdout":"\n"},"type":"ws_msg"}
{"payload":{"local_timestamp":1685258929838,"stderr":true,"stdout":"\n\u001b[34m\u001b[1mAutoAnchor: \u001b[0m4.20 anchors/target, 1.000 Best Possible Recall (BPR). Current anchors are a good fit to dataset \u2705\n"},"type":"ws_msg"}
{"payload":{"local_timestamp":1685258929864,"stderr":true,"stdout":"ERROR: Unexpected bus error encountered in worker. This might be caused by insufficient shared memory (shm).\n\u0000"},"type":"ws_msg"}
{"payload":{"local_timestamp":1685258929870,"stderr":true,"stdout":"ERROR: Unexpected bus error encountered in worker. This might be caused by insufficient shared memory (shm).\n\u0000ERROR: Unexpected bus error encountered in worker. This might be caused by insufficient shared memory (shm).\n\u0000ERROR: Unexpected bus error encountered in worker. This might be caused by insufficient shared memory (shm).\n\u0000ERROR: Unexpected bus error encountered in worker. This might be caused by insufficient shared memory (shm).\n\u0000"},"type":"ws_msg"}
{"payload":{"local_timestamp":1685258929891,"stderr":true,"stdout":"Traceback (most recent call last):\n"},"type":"ws_msg"}
{"payload":{"local_timestamp":1685258929892,"stderr":true,"stdout":"  File \"train.py\", line 642, in <module>\n"},"type":"ws_msg"}
{"payload":{"local_timestamp":1685258929892,"stderr":true,"stdout":"    "},"type":"ws_msg"}
{"payload":{"local_timestamp":1685258929893,"stderr":true,"stdout":"main(opt)"},"type":"ws_msg"}
{"payload":{"local_timestamp":1685258929894,"stderr":true,"stdout":"\n  File \"train.py\", line 531, in main\n"},"type":"ws_msg"}
{"payload":{"local_timestamp":1685258929895,"stderr":true,"stdout":"  File \"train.py\", line 228, in train\n"},"type":"ws_msg"}
{"payload":{"local_timestamp":1685258929897,"stderr":true,"stdout":"    "},"type":"ws_msg"}
{"payload":{"local_timestamp":1685258929898,"stderr":true,"stdout":"model.half().float()  # pre-reduce anchor precision"},"type":"ws_msg"}
{"payload":{"local_timestamp":1685258929899,"stderr":true,"stdout":"\n"},"type":"ws_msg"}
{"payload":{"local_timestamp":1685258929899,"stderr":true,"stdout":"  File \"/usr/local/lib/python3.8/dist-packages/torch/nn/modules/module.py\", line 1001, in half\n"},"type":"ws_msg"}
{"payload":{"local_timestamp":1685258929901,"stderr":true,"stdout":"    return self._apply(lambda t: t.half() if t.is_floating_point() else t)\n  File \"/pytorch/yolov5/models/yolo.py\", line 155, in _apply\n"},"type":"ws_msg"}
{"payload":{"local_timestamp":1685258929902,"stderr":true,"stdout":"    "},"type":"ws_msg"}
{"payload":{"local_timestamp":1685258929904,"stderr":true,"stdout":"self = super()._apply(fn)"},"type":"ws_msg"}
{"payload":{"local_timestamp":1685258929904,"stderr":true,"stdout":"\n"},"type":"ws_msg"}
{"payload":{"local_timestamp":1685258929906,"stderr":true,"stdout":"  File \"/usr/local/lib/python3.8/dist-packages/torch/nn/modules/module.py\", line 797, in _apply\n"},"type":"ws_msg"}
{"payload":{"local_timestamp":1685258929907,"stderr":true,"stdout":"    "},"type":"ws_msg"}
{"payload":{"local_timestamp":1685258929908,"stderr":true,"stdout":"module._apply(fn)"},"type":"ws_msg"}
{"payload":{"local_timestamp":1685258929908,"stderr":true,"stdout":"\n"},"type":"ws_msg"}
{"payload":{"local_timestamp":1685258929909,"stderr":true,"stdout":"  File \"/usr/local/lib/python3.8/dist-packages/torch/nn/modules/module.py\", line 797, in _apply\n"},"type":"ws_msg"}
{"payload":{"local_timestamp":1685258929909,"stderr":true,"stdout":"Exception in thread "},"type":"ws_msg"}
{"payload":{"local_timestamp":1685258929910,"stderr":true,"stdout":"Thread-31:\n"},"type":"ws_msg"}
{"payload":{"local_timestamp":1685258929910,"stderr":true,"stdout":"Traceback (most recent call last):\n  File \"/usr/lib/python3.8/threading.py\", line 932, in _bootstrap_inner\n"},"type":"ws_msg"}
{"payload":{"local_timestamp":1685258929912,"stderr":true,"stdout":"    "},"type":"ws_msg"}
{"payload":{"local_timestamp":1685258929913,"stderr":true,"stdout":"    "},"type":"ws_msg"}
{"payload":{"local_timestamp":1685258929914,"stderr":true,"stdout":"self.run()"},"type":"ws_msg"}
{"payload":{"local_timestamp":1685258929915,"stderr":true,"stdout":"\n"},"type":"ws_msg"}
{"payload":{"local_timestamp":1685258929915,"stderr":true,"stdout":"  File \"/usr/lib/python3.8/threading.py\", line 870, in run\n"},"type":"ws_msg"}
{"payload":{"local_timestamp":1685258929917,"stderr":true,"stdout":"module._apply(fn)"},"type":"ws_msg"}
{"payload":{"local_timestamp":1685258929918,"stderr":true,"stdout":"\n"},"type":"ws_msg"}
{"payload":{"local_timestamp":1685258929918,"stderr":true,"stdout":"  File \"/usr/local/lib/python3.8/dist-packages/torch/nn/modules/module.py\", line 797, in _apply\n"},"type":"ws_msg"}
{"payload":{"local_timestamp":1685258929919,"stderr":true,"stdout":"    "},"type":"ws_msg"}
{"payload":{"local_timestamp":1685258929919,"stderr":true,"stdout":"self._target(*self._args, **self._kwargs)"},"type":"ws_msg"}
{"payload":{"local_timestamp":1685258929920,"stderr":true,"stdout":"\n  File \"/usr/local/lib/python3.8/dist-packages/torch/utils/data/_utils/pin_memory.py\", line 52, in _pin_memory_loop\n    do_one_step()\n  File \"/usr/local/lib/python3.8/dist-packages/torch/utils/data/_utils/pin_memory.py\", line 29, in do_one_step\n"},"type":"ws_msg"}
{"payload":{"local_timestamp":1685258929920,"stderr":true,"stdout":"    "},"type":"ws_msg"}
{"payload":{"local_timestamp":1685258929920,"stderr":true,"stdout":"module._apply(fn)\n  [Previous line repeated 1 more time]\n"},"type":"ws_msg"}
{"payload":{"local_timestamp":1685258929921,"stderr":true,"stdout":"  File \"/usr/local/lib/python3.8/dist-packages/torch/nn/modules/module.py\", line 844, in _apply\n"},"type":"ws_msg"}
{"payload":{"local_timestamp":1685258929923,"stderr":true,"stdout":"    "},"type":"ws_msg"}
{"payload":{"local_timestamp":1685258929924,"stderr":true,"stdout":"r = in_queue.get(timeout=MP_STATUS_CHECK_INTERVAL)"},"type":"ws_msg"}
{"payload":{"local_timestamp":1685258929924,"stderr":true,"stdout":"\nException in thread "},"type":"ws_msg"}
{"payload":{"local_timestamp":1685258929925,"stderr":true,"stdout":"    "},"type":"ws_msg"}
{"payload":{"local_timestamp":1685258929926,"stderr":true,"stdout":"self._buffers[key] = fn(buf)  File \"/usr/lib/python3.8/multiprocessing/queues.py\", line 116, in get\n"},"type":"ws_msg"}
{"payload":{"local_timestamp":1685258929926,"stderr":true,"stdout":"\n"},"type":"ws_msg"}
{"payload":{"local_timestamp":1685258929927,"stderr":true,"stdout":"Thread-19"},"type":"ws_msg"}
{"payload":{"local_timestamp":1685258929927,"stderr":true,"stdout":":\n"},"type":"ws_msg"}
{"payload":{"local_timestamp":1685258929929,"stderr":true,"stdout":"  File \"/usr/local/lib/python3.8/dist-packages/torch/utils/data/_utils/signal_handling.py\", line 66, in handler\n"},"type":"ws_msg"}
{"payload":{"local_timestamp":1685258929929,"stderr":true,"stdout":"    "},"type":"ws_msg"}
{"payload":{"local_timestamp":1685258929930,"stderr":true,"stdout":"return _ForkingPickler.loads(res)Traceback (most recent call last):\n"},"type":"ws_msg"}
{"payload":{"local_timestamp":1685258929931,"stderr":true,"stdout":"    "},"type":"ws_msg"}
{"payload":{"local_timestamp":1685258929931,"stderr":true,"stdout":"_error_if_any_worker_fails()\n"},"type":"ws_msg"}
{"payload":{"local_timestamp":1685258929932,"stderr":true,"stdout":"  File \"/usr/lib/python3.8/threading.py\", line 932, in _bootstrap_inner\n"},"type":"ws_msg"}
{"payload":{"local_timestamp":1685258929932,"stderr":true,"stdout":"  File \"/usr/local/lib/python3.8/dist-packages/torch/multiprocessing/reductions.py\", line 307, in rebuild_storage_fd\n"},"type":"ws_msg"}
{"payload":{"local_timestamp":1685258929933,"stderr":true,"stdout":"\n"},"type":"ws_msg"}
{"payload":{"local_timestamp":1685258929934,"stderr":true,"stdout":"    "},"type":"ws_msg"}
{"payload":{"local_timestamp":1685258929935,"stderr":true,"stdout":"self.run()RuntimeError"},"type":"ws_msg"}
{"payload":{"local_timestamp":1685258929935,"stderr":true,"stdout":": "},"type":"ws_msg"}
{"payload":{"local_timestamp":1685258929936,"stderr":true,"stdout":"\n    "},"type":"ws_msg"}
{"payload":{"local_timestamp":1685258929936,"stderr":true,"stdout":"fd = df.detach()"},"type":"ws_msg"}
{"payload":{"local_timestamp":1685258929937,"stderr":true,"stdout":"\n"},"type":"ws_msg"}
{"payload":{"local_timestamp":1685258929937,"stderr":true,"stdout":"DataLoader worker (pid 20405) is killed by signal: Bus error. It is possible that dataloader's workers are out of shared memory. Please try to raise your shared memory limit."},"type":"ws_msg"}
{"payload":{"local_timestamp":1685258929939,"stderr":true,"stdout":"  File \"/usr/lib/python3.8/threading.py\", line 870, in run\n"},"type":"ws_msg"}
{"payload":{"local_timestamp":1685258929939,"stderr":true,"stdout":"\n"},"type":"ws_msg"}
{"payload":{"local_timestamp":1685258929941,"stderr":true,"stdout":"  File \"/usr/lib/python3.8/multiprocessing/resource_sharer.py\", line 57, in detach\n"},"type":"ws_msg"}
{"payload":{"local_timestamp":1685258929943,"stderr":true,"stdout":"\u001b[1;38;5;39mCOMET INFO:\u001b[0m ---------------------------------------------------------------------------------------\n"},"type":"ws_msg"}
{"payload":{"local_timestamp":1685258929943,"stderr":true,"stdout":"    \u001b[1;38;5;39mCOMET INFO:\u001b[0m Comet.ml OfflineExperiment Summary\n"},"type":"ws_msg"}
{"payload":{"local_timestamp":1685258929945,"stderr":true,"stdout":"self._target(*self._args, **self._kwargs)    "},"type":"ws_msg"}
{"payload":{"local_timestamp":1685258929946,"stderr":true,"stdout":"with _resource_sharer.get_connection(self._id) as conn:\n\u001b[1;38;5;39mCOMET INFO:\u001b[0m ---------------------------------------------------------------------------------------\n"},"type":"ws_msg"}
{"payload":{"local_timestamp":1685258929946,"stderr":true,"stdout":"\n"},"type":"ws_msg"}
{"payload":{"local_timestamp":1685258929948,"stderr":true,"stdout":"\u001b[1;38;5;39mCOMET INFO:\u001b[0m   Data:\n"},"type":"ws_msg"}
{"payload":{"local_timestamp":1685258929948,"stderr":true,"stdout":"  File \"/usr/lib/python3.8/multiprocessing/resource_sharer.py\", line 87, in get_connection\n"},"type":"ws_msg"}
{"payload":{"local_timestamp":1685258929949,"stderr":true,"stdout":"  File \"/usr/local/lib/python3.8/dist-packages/torch/utils/data/_utils/pin_memory.py\", line 52, in _pin_memory_loop\n"},"type":"ws_msg"}
{"payload":{"local_timestamp":1685258929950,"stderr":true,"stdout":"    "},"type":"ws_msg"}
{"payload":{"local_timestamp":1685258929951,"stderr":true,"stdout":"c = Client(address, authkey=process.current_process().authkey)"},"type":"ws_msg"}
{"payload":{"local_timestamp":1685258929951,"stderr":true,"stdout":"\n"},"type":"ws_msg"}
{"payload":{"local_timestamp":1685258929952,"stderr":true,"stdout":"\u001b[1;38;5;39mCOMET INFO:\u001b[0m     display_summary_level : 1\n"},"type":"ws_msg"}
{"payload":{"local_timestamp":1685258929953,"stderr":true,"stdout":"  File \"/usr/lib/python3.8/multiprocessing/connection.py\", line 502, in Client\n"},"type":"ws_msg"}
{"payload":{"local_timestamp":1685258929953,"stderr":true,"stdout":"\u001b[1;38;5;39mCOMET INFO:\u001b[0m     url                   : [OfflineExperiment will get URL after upload]\n"},"type":"ws_msg"}
{"payload":{"local_timestamp":1685258929954,"stderr":true,"stdout":"    "},"type":"ws_msg"}
{"payload":{"local_timestamp":1685258929954,"stderr":true,"stdout":"\u001b[1;38;5;39mCOMET INFO:\u001b[0m   Others:\n"},"type":"ws_msg"}
{"payload":{"local_timestamp":1685258929955,"stderr":true,"stdout":"c = SocketClient(address)"},"type":"ws_msg"}
{"payload":{"local_timestamp":1685258929956,"stderr":true,"stdout":"\n"},"type":"ws_msg"}
{"payload":{"local_timestamp":1685258929956,"stderr":true,"stdout":"    "},"type":"ws_msg"}
{"payload":{"local_timestamp":1685258929957,"stderr":true,"stdout":"do_one_step()"},"type":"ws_msg"}
{"payload":{"local_timestamp":1685258929957,"stderr":true,"stdout":"\n"},"type":"ws_msg"}
{"payload":{"local_timestamp":1685258929958,"stderr":true,"stdout":"\u001b[1;38;5;39mCOMET INFO:\u001b[0m     Created from                : YOLOv5\n"},"type":"ws_msg"}
{"payload":{"local_timestamp":1685258929960,"stderr":true,"stdout":"  File \"/usr/lib/python3.8/multiprocessing/connection.py\", line 630, in SocketClient\n"},"type":"ws_msg"}
{"payload":{"local_timestamp":1685258929960,"stderr":true,"stdout":"\u001b[1;38;5;39mCOMET INFO:\u001b[0m     comet_log_batch_metrics     : False\n"},"type":"ws_msg"}
{"payload":{"local_timestamp":1685258929960,"stderr":true,"stdout":"    "},"type":"ws_msg"}
{"payload":{"local_timestamp":1685258929961,"stderr":true,"stdout":"s.connect(address)"},"type":"ws_msg"}
{"payload":{"local_timestamp":1685258929961,"stderr":true,"stdout":"\u001b[1;38;5;39mCOMET INFO:\u001b[0m     comet_log_confusion_matrix  : True\n"},"type":"ws_msg"}
{"payload":{"local_timestamp":1685258929962,"stderr":true,"stdout":"  File \"/usr/local/lib/python3.8/dist-packages/torch/utils/data/_utils/pin_memory.py\", line 29, in do_one_step\n"},"type":"ws_msg"}
{"payload":{"local_timestamp":1685258929963,"stderr":true,"stdout":"\u001b[1;38;5;39mCOMET INFO:\u001b[0m     comet_log_per_class_metrics : False\n"},"type":"ws_msg"}
{"payload":{"local_timestamp":1685258929963,"stderr":true,"stdout":"\n"},"type":"ws_msg"}
{"payload":{"local_timestamp":1685258929964,"stderr":true,"stdout":"\u001b[1;38;5;39mCOMET INFO:\u001b[0m     comet_max_image_uploads     : 100\n    "},"type":"ws_msg"}
{"payload":{"local_timestamp":1685258929965,"stderr":true,"stdout":"r = in_queue.get(timeout=MP_STATUS_CHECK_INTERVAL)"},"type":"ws_msg"}
{"payload":{"local_timestamp":1685258929966,"stderr":true,"stdout":"\nConnectionRefusedError"},"type":"ws_msg"}
{"payload":{"local_timestamp":1685258929967,"stderr":true,"stdout":"\u001b[1;38;5;39mCOMET INFO:\u001b[0m     comet_mode                  : online\n"},"type":"ws_msg"}
{"payload":{"local_timestamp":1685258929967,"stderr":true,"stdout":":   File \"/usr/lib/python3.8/multiprocessing/queues.py\", line 116, in get\n"},"type":"ws_msg"}
{"payload":{"local_timestamp":1685258929968,"stderr":true,"stdout":"[Errno 111] Connection refused"},"type":"ws_msg"}
{"payload":{"local_timestamp":1685258929969,"stderr":true,"stdout":"    "},"type":"ws_msg"}
{"payload":{"local_timestamp":1685258929969,"stderr":true,"stdout":"\u001b[1;38;5;39mCOMET INFO:\u001b[0m     comet_model_name            : yolov5\n"},"type":"ws_msg"}
{"payload":{"local_timestamp":1685258929970,"stderr":true,"stdout":"return _ForkingPickler.loads(res)"},"type":"ws_msg"}
{"payload":{"local_timestamp":1685258929971,"stderr":true,"stdout":"\u001b[1;38;5;39mCOMET INFO:\u001b[0m     offline_experiment          : True\n"},"type":"ws_msg"}
{"payload":{"local_timestamp":1685258929971,"stderr":true,"stdout":"\n"},"type":"ws_msg"}
{"payload":{"local_timestamp":1685258929972,"stderr":true,"stdout":"\u001b[1;38;5;39mCOMET INFO:\u001b[0m   Parameters:\n"},"type":"ws_msg"}
{"payload":{"local_timestamp":1685258929973,"stderr":true,"stdout":"  File \"/usr/local/lib/python3.8/dist-packages/torch/multiprocessing/reductions.py\", line 307, in rebuild_storage_fd\n"},"type":"ws_msg"}
{"payload":{"local_timestamp":1685258929973,"stderr":true,"stdout":"\u001b[1;38;5;39mCOMET INFO:\u001b[0m     anchor_t           : 4.0\n"},"type":"ws_msg"}
{"payload":{"local_timestamp":1685258929975,"stderr":true,"stdout":"\n    "},"type":"ws_msg"}
{"payload":{"local_timestamp":1685258929975,"stderr":true,"stdout":"fd = df.detach()"},"type":"ws_msg"}
{"payload":{"local_timestamp":1685258929975,"stderr":true,"stdout":"\u001b[1;38;5;39mCOMET INFO:\u001b[0m     artifact_alias     : latest\n"},"type":"ws_msg"}
{"payload":{"local_timestamp":1685258929976,"stderr":true,"stdout":"\n"},"type":"ws_msg"}
{"payload":{"local_timestamp":1685258929977,"stderr":true,"stdout":"  File \"/usr/lib/python3.8/multiprocessing/resource_sharer.py\", line 57, in detach\n"},"type":"ws_msg"}
{"payload":{"local_timestamp":1685258929978,"stderr":true,"stdout":"\u001b[1;38;5;39mCOMET INFO:\u001b[0m     batch_size         : 6\n"},"type":"ws_msg"}
{"payload":{"local_timestamp":1685258929979,"stderr":true,"stdout":"\u001b[1;38;5;39mCOMET INFO:\u001b[0m     bbox_interval      : -1\n"},"type":"ws_msg"}
{"payload":{"local_timestamp":1685258929979,"stderr":true,"stdout":"\u001b[1;38;5;39mCOMET INFO:\u001b[0m     box                : 0.05\n"},"type":"ws_msg"}
{"payload":{"local_timestamp":1685258929980,"stderr":true,"stdout":"\u001b[1;38;5;39mCOMET INFO:\u001b[0m     bucket             : \n"},"type":"ws_msg"}
{"payload":{"local_timestamp":1685258929981,"stderr":true,"stdout":"\u001b[1;38;5;39mCOMET INFO:\u001b[0m     cfg                : \n"},"type":"ws_msg"}
{"payload":{"local_timestamp":1685258929981,"stderr":true,"stdout":"    "},"type":"ws_msg"}
{"payload":{"local_timestamp":1685258929982,"stderr":true,"stdout":"with _resource_sharer.get_connection(self._id) as conn:"},"type":"ws_msg"}
{"payload":{"local_timestamp":1685258929982,"stderr":true,"stdout":"\n"},"type":"ws_msg"}
{"payload":{"local_timestamp":1685258929983,"stderr":true,"stdout":"\u001b[1;38;5;39mCOMET INFO:\u001b[0m     cls                : 0.5\n"},"type":"ws_msg"}
{"payload":{"local_timestamp":1685258929984,"stderr":true,"stdout":"  File \"/usr/lib/python3.8/multiprocessing/resource_sharer.py\", line 87, in get_connection\n"},"type":"ws_msg"}
{"payload":{"local_timestamp":1685258929984,"stderr":true,"stdout":"\u001b[1;38;5;39mCOMET INFO:\u001b[0m     cls_pw             : 1.0\n"},"type":"ws_msg"}
{"payload":{"local_timestamp":1685258929986,"stderr":true,"stdout":"\u001b[1;38;5;39mCOMET INFO:\u001b[0m     copy_paste         : 0.0\n"},"type":"ws_msg"}
{"payload":{"local_timestamp":1685258929986,"stderr":true,"stdout":"\u001b[1;38;5;39mCOMET INFO:\u001b[0m     cos_lr             : False\n"},"type":"ws_msg"}
{"payload":{"local_timestamp":1685258929987,"stderr":true,"stdout":"\u001b[1;38;5;39mCOMET INFO:\u001b[0m     degrees            : 0.0\n"},"type":"ws_msg"}
{"payload":{"local_timestamp":1685258929987,"stderr":true,"stdout":"\u001b[1;38;5;39mCOMET INFO:\u001b[0m     device             : \n"},"type":"ws_msg"}
{"payload":{"local_timestamp":1685258929988,"stderr":true,"stdout":"    c = Client(address, authkey=process.current_process().authkey)\n"},"type":"ws_msg"}
{"payload":{"local_timestamp":1685258929989,"stderr":true,"stdout":"\u001b[1;38;5;39mCOMET INFO:\u001b[0m     entity             : 1\n"},"type":"ws_msg"}
{"payload":{"local_timestamp":1685258929989,"stderr":true,"stdout":"\u001b[1;38;5;39mCOMET INFO:\u001b[0m     evolve             : 1\n"},"type":"ws_msg"}
{"payload":{"local_timestamp":1685258929990,"stderr":true,"stdout":"  File \"/usr/lib/python3.8/multiprocessing/connection.py\", line 502, in Client\n"},"type":"ws_msg"}
{"payload":{"local_timestamp":1685258929991,"stderr":true,"stdout":"\u001b[1;38;5;39mCOMET INFO:\u001b[0m     exist_ok           : False\n"},"type":"ws_msg"}
{"payload":{"local_timestamp":1685258929992,"stderr":true,"stdout":"\u001b[1;38;5;39mCOMET INFO:\u001b[0m     fl_gamma           : 0.0\n"},"type":"ws_msg"}
{"payload":{"local_timestamp":1685258929992,"stderr":true,"stdout":"    "},"type":"ws_msg"}
{"payload":{"local_timestamp":1685258929994,"stderr":true,"stdout":"c = SocketClient(address)"},"type":"ws_msg"}
{"payload":{"local_timestamp":1685258929994,"stderr":true,"stdout":"\n"},"type":"ws_msg"}
{"payload":{"local_timestamp":1685258929995,"stderr":true,"stdout":"\u001b[1;38;5;39mCOMET INFO:\u001b[0m     fliplr             : 0.5\n  File \"/usr/lib/python3.8/multiprocessing/connection.py\", line 630, in SocketClient\n"},"type":"ws_msg"}
{"payload":{"local_timestamp":1685258929996,"stderr":true,"stdout":"\u001b[1;38;5;39mCOMET INFO:\u001b[0m     flipud             : 0.0\n"},"type":"ws_msg"}
{"payload":{"local_timestamp":1685258929996,"stderr":true,"stdout":"\u001b[1;38;5;39mCOMET INFO:\u001b[0m     freeze             : [0]\n"},"type":"ws_msg"}
{"payload":{"local_timestamp":1685258929997,"stderr":true,"stdout":"\u001b[1;38;5;39mCOMET INFO:\u001b[0m     hsv_h              : 0.015\n"},"type":"ws_msg"}
{"payload":{"local_timestamp":1685258929998,"stderr":true,"stdout":"    s.connect(address)\n"},"type":"ws_msg"}
{"payload":{"local_timestamp":1685258929999,"stderr":true,"stdout":"\u001b[1;38;5;39mCOMET INFO:\u001b[0m     hsv_s              : 0.7\nConnectionRefusedError: [Errno 111] Connection refused\n"},"type":"ws_msg"}
{"payload":{"local_timestamp":1685258929999,"stderr":true,"stdout":"\u001b[1;38;5;39mCOMET INFO:\u001b[0m     hsv_v              : 0.4\n"},"type":"ws_msg"}
{"payload":{"local_timestamp":1685258930000,"stderr":true,"stdout":"\u001b[1;38;5;39mCOMET INFO:\u001b[0m     hyp                : {\"anchor_t\": 4.0, \"box\": 0.05, \"cls\": 0.5, \"cls_pw\": 1.0, \"copy_paste\": 0.0, \"degrees\": 0.0, \"fl_gamma\": 0.0, \"fliplr\": 0.5, \"flipud\": 0.0, \"hsv_h\": 0.015, \"hsv_s\": 0.7, \"hsv_v\": 0.4, \"iou_t\": 0.2, \"lr0\": 0.01, \"lrf\": 0.01, \"mixup\": 0.0, \"momentum\": 0.937, \"mosaic\": 1.0, \"obj\": 1.0, \"obj_pw\": 1.0, \"perspective\": 0.0, \"scale\": 0.5, \"shear\": 0.0, \"translate\": 0.1, \"warmup_bias_lr\": 0.1, \"warmup_epochs\": 3.0, \"warmup_momentum\": 0.8, \"weight_decay\": 0.0005}\n"},"type":"ws_msg"}
{"payload":{"local_timestamp":1685258930001,"stderr":true,"stdout":"\u001b[1;38;5;39mCOMET INFO:\u001b[0m     image_weights      : False\n"},"type":"ws_msg"}
{"payload":{"local_timestamp":1685258930001,"stderr":true,"stdout":"\u001b[1;38;5;39mCOMET INFO:\u001b[0m     imgsz              : 640\n"},"type":"ws_msg"}
{"payload":{"local_timestamp":1685258930002,"stderr":true,"stdout":"\u001b[1;38;5;39mCOMET INFO:\u001b[0m     iou_t              : 0.2\n"},"type":"ws_msg"}
{"payload":{"local_timestamp":1685258930002,"stderr":true,"stdout":"\u001b[1;38;5;39mCOMET INFO:\u001b[0m     label_smoothing    : 0.0\n"},"type":"ws_msg"}
{"payload":{"local_timestamp":1685258930003,"stderr":true,"stdout":"\u001b[1;38;5;39mCOMET INFO:\u001b[0m     local_rank         : -1\n"},"type":"ws_msg"}
{"payload":{"local_timestamp":1685258930004,"stderr":true,"stdout":"\u001b[1;38;5;39mCOMET INFO:\u001b[0m     lr0                : 0.01\n"},"type":"ws_msg"}
{"payload":{"local_timestamp":1685258930004,"stderr":true,"stdout":"\u001b[1;38;5;39mCOMET INFO:\u001b[0m     lrf                : 0.01\n"},"type":"ws_msg"}
{"payload":{"local_timestamp":1685258930004,"stderr":true,"stdout":"\u001b[1;38;5;39mCOMET INFO:\u001b[0m     mixup              : 0.0\n"},"type":"ws_msg"}
{"payload":{"local_timestamp":1685258930005,"stderr":true,"stdout":"\u001b[1;38;5;39mCOMET INFO:\u001b[0m     momentum           : 0.937\n"},"type":"ws_msg"}
{"payload":{"local_timestamp":1685258930006,"stderr":true,"stdout":"\u001b[1;38;5;39mCOMET INFO:\u001b[0m     mosaic             : 1.0\n"},"type":"ws_msg"}
{"payload":{"local_timestamp":1685258930006,"stderr":true,"stdout":"\u001b[1;38;5;39mCOMET INFO:\u001b[0m     multi_scale        : False\n"},"type":"ws_msg"}
{"payload":{"local_timestamp":1685258930007,"stderr":true,"stdout":"\u001b[1;38;5;39mCOMET INFO:\u001b[0m     name               : exp\n"},"type":"ws_msg"}
{"payload":{"local_timestamp":1685258930007,"stderr":true,"stdout":"\u001b[1;38;5;39mCOMET INFO:\u001b[0m     noautoanchor       : False\n"},"type":"ws_msg"}
{"payload":{"local_timestamp":1685258930008,"stderr":true,"stdout":"\u001b[1;38;5;39mCOMET INFO:\u001b[0m     noplots            : False\n"},"type":"ws_msg"}
{"payload":{"local_timestamp":1685258930008,"stderr":true,"stdout":"\u001b[1;38;5;39mCOMET INFO:\u001b[0m     nosave             : False\n"},"type":"ws_msg"}
{"payload":{"local_timestamp":1685258930009,"stderr":true,"stdout":"\u001b[1;38;5;39mCOMET INFO:\u001b[0m     noval              : False\n"},"type":"ws_msg"}
{"payload":{"local_timestamp":1685258930010,"stderr":true,"stdout":"\u001b[1;38;5;39mCOMET INFO:\u001b[0m     obj                : 1.0\n"},"type":"ws_msg"}
{"payload":{"local_timestamp":1685258930010,"stderr":true,"stdout":"\u001b[1;38;5;39mCOMET INFO:\u001b[0m     obj_pw             : 1.0\n"},"type":"ws_msg"}
{"payload":{"local_timestamp":1685258930011,"stderr":true,"stdout":"\u001b[1;38;5;39mCOMET INFO:\u001b[0m     optimizer          : SGD\n"},"type":"ws_msg"}
{"payload":{"local_timestamp":1685258930014,"stderr":true,"stdout":"\u001b[1;38;5;39mCOMET INFO:\u001b[0m     patience           : 100\n"},"type":"ws_msg"}
{"payload":{"local_timestamp":1685258930014,"stderr":true,"stdout":"\u001b[1;38;5;39mCOMET INFO:\u001b[0m     perspective        : 0.0\n"},"type":"ws_msg"}
{"payload":{"local_timestamp":1685258930015,"stderr":true,"stdout":"\u001b[1;38;5;39mCOMET INFO:\u001b[0m     project            : runs/train\n\u001b[1;38;5;39mCOMET INFO:\u001b[0m     quad               : False\n"},"type":"ws_msg"}
{"payload":{"local_timestamp":1685258930015,"stderr":true,"stdout":"\u001b[1;38;5;39mCOMET INFO:\u001b[0m     rect               : False\n\u001b[1;38;5;39mCOMET INFO:\u001b[0m     resume             : False\n"},"type":"ws_msg"}
{"payload":{"local_timestamp":1685258930016,"stderr":true,"stdout":"\u001b[1;38;5;39mCOMET INFO:\u001b[0m     save_dir           : runs/train/exp19\n"},"type":"ws_msg"}
{"payload":{"local_timestamp":1685258930016,"stderr":true,"stdout":"\u001b[1;38;5;39mCOMET INFO:\u001b[0m     save_period        : -1\n"},"type":"ws_msg"}
{"payload":{"local_timestamp":1685258930016,"stderr":true,"stdout":"\u001b[1;38;5;39mCOMET INFO:\u001b[0m     scale              : 0.5\n"},"type":"ws_msg"}
{"payload":{"local_timestamp":1685258930017,"stderr":true,"stdout":"\u001b[1;38;5;39mCOMET INFO:\u001b[0m     seed               : 0\n\u001b[1;38;5;39mCOMET INFO:\u001b[0m     shear              : 0.0\n"},"type":"ws_msg"}
{"payload":{"local_timestamp":1685258930017,"stderr":true,"stdout":"\u001b[1;38;5;39mCOMET INFO:\u001b[0m     single_cls         : False\n"},"type":"ws_msg"}
{"payload":{"local_timestamp":1685258930017,"stderr":true,"stdout":"\u001b[1;38;5;39mCOMET INFO:\u001b[0m     sync_bn            : False\n"},"type":"ws_msg"}
{"payload":{"local_timestamp":1685258930018,"stderr":true,"stdout":"\u001b[1;38;5;39mCOMET INFO:\u001b[0m     translate          : 0.1\n\u001b[1;38;5;39mCOMET INFO:\u001b[0m     upload_dataset     : False\n"},"type":"ws_msg"}
{"payload":{"local_timestamp":1685258930019,"stderr":true,"stdout":"\u001b[1;38;5;39mCOMET INFO:\u001b[0m     val_conf_threshold : 0.001\n"},"type":"ws_msg"}
{"payload":{"local_timestamp":1685258930019,"stderr":true,"stdout":"\u001b[1;38;5;39mCOMET INFO:\u001b[0m     val_iou_threshold  : 0.6\n"},"type":"ws_msg"}
{"payload":{"local_timestamp":1685258930020,"stderr":true,"stdout":"\u001b[1;38;5;39mCOMET INFO:\u001b[0m     warmup_bias_lr     : 0.1\n\u001b[1;38;5;39mCOMET INFO:\u001b[0m     warmup_epochs      : 3.0\n"},"type":"ws_msg"}
{"payload":{"local_timestamp":1685258930020,"stderr":true,"stdout":"\u001b[1;38;5;39mCOMET INFO:\u001b[0m     warmup_momentum    : 0.8\n"},"type":"ws_msg"}
{"payload":{"local_timestamp":1685258930020,"stderr":true,"stdout":"\u001b[1;38;5;39mCOMET INFO:\u001b[0m     weight_decay       : 0.0005\n"},"type":"ws_msg"}
{"payload":{"local_timestamp":1685258930021,"stderr":true,"stdout":"\u001b[1;38;5;39mCOMET INFO:\u001b[0m     workers            : 8\n"},"type":"ws_msg"}
{"payload":{"local_timestamp":1685258930021,"stderr":true,"stdout":"\u001b[1;38;5;39mCOMET INFO:\u001b[0m   Uploads:\n"},"type":"ws_msg"}
{"payload":{"local_timestamp":1685258930022,"stderr":true,"stdout":"\u001b[1;38;5;39mCOMET INFO:\u001b[0m     asset               : 3 (1.34 KB)\n"},"type":"ws_msg"}
{"payload":{"local_timestamp":1685258930022,"stderr":true,"stdout":"\u001b[1;38;5;39mCOMET INFO:\u001b[0m     environment details : 1\n"},"type":"ws_msg"}
{"payload":{"local_timestamp":1685258930023,"stderr":true,"stdout":"\u001b[1;38;5;39mCOMET INFO:\u001b[0m     git metadata        : 1\n"},"type":"ws_msg"}
{"payload":{"local_timestamp":1685258930023,"log_other":{"key":"sys.already_imported_modules","val":"[\"torch\", \"tensorboard\"]"}},"type":"ws_msg"}
{"payload":{"local_timestamp":1685258930024,"stderr":true,"stdout":"\u001b[1;38;5;39mCOMET INFO:\u001b[0m     installed packages  : 1\n"},"type":"ws_msg"}
{"payload":{"local_timestamp":1685258930025,"stderr":true,"stdout":"\u001b[1;38;5;39mCOMET INFO:\u001b[0m     os packages         : 1\n"},"type":"ws_msg"}
{"payload":{"local_timestamp":1685258930025,"stderr":true,"stdout":"\u001b[1;38;5;39mCOMET INFO:\u001b[0m \n"},"type":"ws_msg"}
{"payload":{"local_timestamp":1685258930026,"stderr":true,"stdout":"\u001b[1;38;5;214mCOMET WARNING:\u001b[0m Experiment Name is generated at upload time for Offline Experiments unless set explicitly with Experiment.set_name\n"},"type":"ws_msg"}
{"payload":{"local_timestamp":1685258930026,"stderr":true,"stdout":"\u001b[1;38;5;214mCOMET WARNING:\u001b[0m To get all data logged automatically, import comet_ml before the following modules: torch, tensorboard.\n"},"type":"ws_msg"}
