{"payload":{"installed_packages":["absl-py==1.4.0","apex==0.1","argon2-cffi-bindings==21.2.0","argon2-cffi==21.3.0","asttokens==2.2.1","astunparse==1.6.3","attrs==22.2.0","audioread==3.0.0","backcall==0.2.0","beautifulsoup4==4.11.2","bleach==6.0.0","blis==0.7.9","cachetools==5.3.0","catalogue==2.0.8","certifi==2022.12.7","cffi==1.15.1","charset-normalizer==3.1.0","click==8.1.3","cloudpickle==2.2.1","cmake==3.24.1.1","comet-ml==3.33.3","comm==0.1.2","confection==0.0.4","configobj==5.0.8","contourpy==1.0.7","cubinlinker==0.2.2+2.g4de3e99","cuda-python==12.1.0rc5+1.gc7fd38c.dirty","cudf==23.2.0","cugraph-dgl==23.2.0","cugraph-service-client==23.2.0","cugraph-service-server==23.2.0","cugraph==23.2.0","cuml==23.2.0","cupy-cuda12x==12.0.0b3","cycler==0.11.0","cymem==2.0.7","cython==0.29.33","dask-cuda==23.2.0","dask-cudf==23.2.0","dask==2023.1.1","debugpy==1.6.6","decorator==5.1.1","defusedxml==0.7.1","distributed==2023.1.1","dulwich==0.21.5","everett==3.1.0","exceptiongroup==1.1.1","execnet==1.9.0","executing==1.2.0","expecttest==0.1.3","fastjsonschema==2.16.3","fastrlock==0.8.1","filelock==3.10.0","flash-attn==0.2.8.dev0","fonttools==4.38.0","fsspec==2023.1.0","gast==0.4.0","gitdb==4.0.10","gitpython==3.1.31","google-auth-oauthlib==0.4.6","google-auth==2.16.2","graphsurgeon==0.4.6","grpcio==1.51.3","heapdict==1.0.1","hypothesis==5.35.1","idna==3.4","importlib-metadata==6.0.0","importlib-resources==5.12.0","iniconfig==2.0.0","intel-openmp==2021.4.0","ipykernel==6.21.3","ipython-genutils==0.2.0","ipython==8.11.0","jedi==0.18.2","jinja2==3.1.2","joblib==1.2.0","json5==0.9.11","jsonschema==4.17.3","jupyter-client==8.0.3","jupyter-core==5.2.0","jupyter-tensorboard==0.2.0","jupyterlab-pygments==0.2.2","jupyterlab-server==1.2.0","jupyterlab==2.3.2","jupytext==1.14.5","kiwisolver==1.4.4","langcodes==3.3.0","librosa==0.9.2","lit==15.0.7","llvmlite==0.39.1","locket==1.0.0","markdown-it-py==2.2.0","markdown==3.4.1","markupsafe==2.1.2","matplotlib-inline==0.1.6","matplotlib==3.7.0","mdit-py-plugins==0.3.5","mdurl==0.1.2","mistune==2.0.5","mkl-devel==2021.1.1","mkl-include==2021.1.1","mkl==2021.1.1","mock==5.0.1","mpmath==1.3.0","msgpack==1.0.4","murmurhash==1.0.9","nbclient==0.7.2","nbconvert==7.2.10","nbformat==5.7.3","nest-asyncio==1.5.6","networkx==2.6.3","notebook==6.4.10","numba==0.56.4+1.g9a03de713","numpy==1.22.2","nvidia-dali-cuda110==1.23.0","nvidia-pyindex==1.0.9","nvtx==0.2.5","oauthlib==3.2.2","onnx==1.13.0","opencv-python==4.7.0.72","opencv==4.6.0","packaging==23.0","pandas==1.5.2","pandocfilters==1.5.0","parso==0.8.3","partd==1.3.0","pathy==0.10.1","pexpect==4.8.0","pickleshare==0.7.5","pillow==9.5.0","pip==21.2.4","pkgutil-resolve-name==1.3.10","platformdirs==3.1.1","pluggy==1.0.0","ply==3.11","polygraphy==0.44.2","pooch==1.7.0","preshed==3.0.8","prettytable==3.6.0","prometheus-client==0.16.0","prompt-toolkit==3.0.38","protobuf==3.20.3","psutil==5.9.4","ptxcompiler==0.7.0+27.gbcb4096","ptyprocess==0.7.0","pure-eval==0.2.2","pyarrow==10.0.1.dev0+ga6eabc2b.d20230220","pyasn1-modules==0.2.8","pyasn1==0.4.8","pybind11==2.10.3","pycocotools==2.0+nv0.7.1","pycparser==2.21","pydantic==1.10.6","pygments==2.14.0","pylibcugraph==23.2.0","pylibcugraphops==23.2.0","pylibraft==23.2.0","pynvml==11.5.0","pyparsing==3.0.9","pyrsistent==0.19.3","pytest-rerunfailures==11.1.2","pytest-shard==0.1.2","pytest-xdist==3.2.1","pytest==7.2.2","python-box==6.1.0","python-dateutil==2.8.2","python-hostlist==1.23.0","pytorch-quantization==2.1.2","pytz==2022.7.1","pyyaml==6.0","pyzmq==25.0.1","raft-dask==23.2.0","regex==2022.10.31","requests-oauthlib==1.3.1","requests-toolbelt==1.0.0","requests==2.28.2","resampy==0.4.2","rich==13.3.5","rmm==23.2.0","rsa==4.9","scikit-learn==1.2.0","scipy==1.6.3","seaborn==0.12.2","semantic-version==2.10.0","send2trash==1.8.0","sentry-sdk==1.24.0","setuptools==65.5.1","simplejson==3.19.1","six==1.16.0","smart-open==6.3.0","smmap==5.0.0","sortedcontainers==2.4.0","soundfile==0.12.1","soupsieve==2.4","spacy-legacy==3.0.12","spacy-loggers==1.0.4","spacy==3.5.1","sphinx-glpi-theme==0.3","srsly==2.4.6","stack-data==0.6.2","strings-udf==23.2.0","sympy==1.11.1","tbb==2021.8.0","tblib==1.7.0","tensorboard-data-server==0.6.1","tensorboard-plugin-wit==1.8.1","tensorboard==2.9.0","tensorrt==8.5.3.1","terminado==0.17.1","thinc==8.1.9","thop==0.1.1.post2209072238","threadpoolctl==3.1.0","thriftpy2==0.4.16","tinycss2==1.2.1","toml==0.10.2","tomli==2.0.1","toolz==0.12.0","torch-tensorrt==1.4.0.dev0","torch==2.0.0a0+1767026","torchtext==0.13.0a0+fae8e8c","torchvision==0.15.0a0","tornado==6.2","tqdm==4.65.0","traitlets==5.9.0","transformer-engine==0.6.0","treelite-runtime==3.1.0","treelite==3.1.0","triton==2.0.0","typer==0.7.0","types-dataclasses==0.6.6","typing-extensions==4.5.0","ucx-py==0.30.0","uff==0.6.9","ultralytics==8.0.109","urllib3==1.26.14","wasabi==1.1.1","wcwidth==0.2.6","webencodings==0.5.1","websocket-client==1.3.3","werkzeug==2.2.3","wheel==0.38.4","wrapt==1.15.0","wurlitzer==3.0.3","xdoctest==1.0.2","xgboost==1.7.1","zict==2.2.0","zipp==3.14.0"],"local_timestamp":1685257803765},"type":"ws_msg"}
{"payload":{"local_timestamp":1685257803777,"os_packages":["adduser=3.118ubuntu2","apt-utils=2.0.9","apt=2.0.9","autoconf=2.69-11.1","automake=1:1.16.1-4ubuntu6","autotools-dev=20180224.1","base-files=11ubuntu5.6","base-passwd=3.5.47","bash=5.0-6ubuntu1.2","binutils-common=2.34-6ubuntu1.4","binutils-x86-64-linux-gnu=2.34-6ubuntu1.4","binutils=2.34-6ubuntu1.4","bsdutils=1:2.34-0.1ubuntu9.3","build-essential=12.8ubuntu1.1","bzip2=1.0.8-2","ca-certificates=20211016ubuntu0.20.04.1","coreutils=8.30-3ubuntu2","cpp-9=9.4.0-1ubuntu1~20.04.1","cpp=4:9.3.0-1ubuntu2","cuda-cccl-11-8=11.8.89-1","cuda-cccl-12-1=12.1.55-1","cuda-compat-12-1=530.30.02-1","cuda-cudart-11-8=11.8.89-1","cuda-cudart-12-1=12.1.55-1","cuda-cudart-dev-11-8=11.8.89-1","cuda-cudart-dev-12-1=12.1.55-1","cuda-cuobjdump-12-1=12.1.55-1","cuda-cupti-12-1=12.1.62-1","cuda-cupti-dev-12-1=12.1.62-1","cuda-driver-dev-11-8=11.8.89-1","cuda-driver-dev-12-1=12.1.55-1","cuda-gdb-12-1=12.1.55-1","cuda-nvcc-12-1=12.1.66-1","cuda-nvdisasm-12-1=12.1.55-1","cuda-nvml-dev-12-1=12.1.55-1","cuda-nvprof-12-1=12.1.55-1","cuda-nvprune-12-1=12.1.55-1","cuda-nvrtc-11-8=11.8.89-1","cuda-nvrtc-12-1=12.1.55-1","cuda-nvrtc-dev-11-8=11.8.89-1","cuda-nvrtc-dev-12-1=12.1.55-1","cuda-nvtx-12-1=12.1.66-1","cuda-profiler-api-12-1=12.1.55-1","cuda-sanitizer-12-1=12.1.55-1","cuda-toolkit-11-8-config-common=11.8.89-1","cuda-toolkit-11-config-common=11.8.89-1","cuda-toolkit-12-1-config-common=12.1.55-1","cuda-toolkit-12-config-common=12.1.55-1","cuda-toolkit-config-common=12.1.55-1","curl=7.68.0-1ubuntu2.16","dash=0.5.10.2-6","debconf=1.5.73","debianutils=4.9.1","diffutils=1:3.7-3","dirmngr=2.2.19-3ubuntu2.2","dpkg-dev=1.19.7ubuntu3.2","dpkg=1.19.7ubuntu3.2","e2fsprogs=1.45.5-2ubuntu1.1","fdisk=2.34-0.1ubuntu9.3","file=1:5.38-4","findutils=4.7.0-1ubuntu1","g++-9=9.4.0-1ubuntu1~20.04.1","g++=4:9.3.0-1ubuntu2","gcc-10-base=10.3.0-1ubuntu1~20.04","gcc-9-base=9.4.0-1ubuntu1~20.04.1","gcc-9=9.4.0-1ubuntu1~20.04.1","gcc=4:9.3.0-1ubuntu2","gfortran-9=9.4.0-1ubuntu1~20.04.1","gfortran=4:9.3.0-1ubuntu2","git-man=1:2.25.1-1ubuntu3.10","git=1:2.25.1-1ubuntu3.10","gnupg-l10n=2.2.19-3ubuntu2.2","gnupg-utils=2.2.19-3ubuntu2.2","gnupg=2.2.19-3ubuntu2.2","gpg-agent=2.2.19-3ubuntu2.2","gpg-wks-client=2.2.19-3ubuntu2.2","gpg-wks-server=2.2.19-3ubuntu2.2","gpg=2.2.19-3ubuntu2.2","gpgconf=2.2.19-3ubuntu2.2","gpgsm=2.2.19-3ubuntu2.2","gpgv=2.2.19-3ubuntu2.2","grep=3.4-1","gzip=1.10-0ubuntu4.1","hdf5-helpers=1.10.4+repack-11ubuntu1","hostname=3.23","ibverbs-providers=36.0-1","ibverbs-utils=36.0-1","init-system-helpers=1.57","jq=1.6-1ubuntu0.20.04.1","less=551-1ubuntu0.1","libacl1=2.2.53-6","libaec-dev=1.0.4-1","libaec0=1.0.4-1","libapt-pkg6.0=2.0.9","libasan5=9.4.0-1ubuntu1~20.04.1","libasn1-8-heimdal=7.7.0+dfsg-1ubuntu1.4","libasound2-data=1.2.2-2.1ubuntu2.5","libasound2=1.2.2-2.1ubuntu2.5","libassuan0=2.5.3-7ubuntu2","libatlas-base-dev=3.10.3-8ubuntu7","libatlas3-base=3.10.3-8ubuntu7","libatomic1=10.3.0-1ubuntu1~20.04","libattr1=1:2.4.48-5","libaudit-common=1:2.8.5-2ubuntu6","libaudit1=1:2.8.5-2ubuntu6","libbinutils=2.34-6ubuntu1.4","libblkid1=2.34-0.1ubuntu9.3","libbrotli1=1.0.7-6ubuntu0.1","libbsd-dev=0.10.0-1","libbsd0=0.10.0-1","libbz2-1.0=1.0.8-2","libbz2-dev=1.0.8-2","libc-bin=2.31-0ubuntu9.9","libc-dev-bin=2.31-0ubuntu9.9","libc6-dev=2.31-0ubuntu9.9","libc6=2.31-0ubuntu9.9","libcanberra0=0.30-7ubuntu1","libcap-ng0=0.7.9-2.1build1","libcbor0.6=0.6.0-0ubuntu1","libcc1-0=10.3.0-1ubuntu1~20.04","libcom-err2=1.45.5-2ubuntu1.1","libcrypt-dev=1:4.4.10-10ubuntu4","libcrypt1=1:4.4.10-10ubuntu4","libctf-nobfd0=2.34-6ubuntu1.4","libctf0=2.34-6ubuntu1.4","libcublas-11-8=11.11.3.6-1","libcublas-12-1=12.1.0.26-1","libcublas-dev-11-8=11.11.3.6-1","libcublas-dev-12-1=12.1.0.26-1","libcudnn8-dev=8.8.1.3-1+cuda12.0","libcudnn8=8.8.1.3-1+cuda12.0","libcufft-12-1=11.0.2.4-1","libcufft-dev-12-1=11.0.2.4-1","libcufile-12-1=1.6.0.25-1","libcufile-dev-12-1=1.6.0.25-1","libcurand-12-1=10.3.2.56-1","libcurand-dev-12-1=10.3.2.56-1","libcurl3-gnutls=7.68.0-1ubuntu2.16","libcurl4=7.68.0-1ubuntu2.16","libcusolver-12-1=11.4.4.55-1","libcusolver-dev-12-1=11.4.4.55-1","libcusparse-12-1=12.0.2.55-1","libcusparse-dev-12-1=12.0.2.55-1","libcutensor-dev=1.6.2.3-1","libcutensor1=1.6.2.3-1","libdb5.3=5.3.28+dfsg1-0.6ubuntu2","libdebconfclient0=0.251ubuntu1","libdpkg-perl=1.19.7ubuntu3.2","libedit-dev=3.1-20191231-1","libedit2=3.1-20191231-1","liberror-perl=0.17029-1","libexpat1-dev=2.2.9-1ubuntu0.6","libexpat1=2.2.9-1ubuntu0.6","libext2fs2=1.45.5-2ubuntu1.1","libfdisk1=2.34-0.1ubuntu9.3","libffi7=3.3-4","libfido2-1=1.3.1-1ubuntu2","libflac8=1.3.3-1ubuntu0.1","libgcc-9-dev=9.4.0-1ubuntu1~20.04.1","libgcc-s1=10.3.0-1ubuntu1~20.04","libgcrypt20=1.8.5-5ubuntu1.1","libgdbm-compat4=1.18.1-5","libgdbm6=1.18.1-5","libgdrapi=2.3-1","libgflags-dev=2.2.2-1build1","libgflags2.2=2.2.2-1build1","libgfortran-9-dev=9.4.0-1ubuntu1~20.04.1","libgfortran5=10.3.0-1ubuntu1~20.04","libglib2.0-0=2.64.6-1~ubuntu20.04.4","libgmp10=2:6.2.0+dfsg-4ubuntu0.1","libgnutls30=3.6.13-2ubuntu1.7","libgomp1=10.3.0-1ubuntu1~20.04","libgoogle-glog-dev=0.4.0-1build1","libgoogle-glog0v5=0.4.0-1build1","libgpg-error0=1.37-1","libgpm2=1.20.7-5","libgsm1=1.0.18-2","libgssapi-krb5-2=1.17-6ubuntu4.2","libgssapi3-heimdal=7.7.0+dfsg-1ubuntu1.4","libhcrypto4-heimdal=7.7.0+dfsg-1ubuntu1.4","libhdf5-103=1.10.4+repack-11ubuntu1","libhdf5-cpp-103=1.10.4+repack-11ubuntu1","libhdf5-dev=1.10.4+repack-11ubuntu1","libheimbase1-heimdal=7.7.0+dfsg-1ubuntu1.4","libheimntlm0-heimdal=7.7.0+dfsg-1ubuntu1.4","libhogweed5=3.5.1+really3.5.1-2ubuntu0.2","libhx509-5-heimdal=7.7.0+dfsg-1ubuntu1.4","libibumad-dev=36.0-1","libibumad3=36.0-1","libibverbs-dev=36.0-1","libibverbs1=36.0-1","libidn2-0=2.2.0-2","libisl22=0.22.1-1","libitm1=10.3.0-1ubuntu1~20.04","libjpeg-dev=8c-2ubuntu8","libjpeg-turbo8-dev=2.0.3-0ubuntu1.20.04.3","libjpeg-turbo8=2.0.3-0ubuntu1.20.04.3","libjpeg8-dev=8c-2ubuntu8","libjpeg8=8c-2ubuntu8","libjq1=1.6-1ubuntu0.20.04.1","libk5crypto3=1.17-6ubuntu4.2","libkeyutils1=1.6-6ubuntu1.1","libkrb5-26-heimdal=7.7.0+dfsg-1ubuntu1.4","libkrb5-3=1.17-6ubuntu4.2","libkrb5support0=1.17-6ubuntu4.2","libksba8=1.3.5-2ubuntu0.20.04.2","libldap-2.4-2=2.4.49+dfsg-2ubuntu1.9","libldap-common=2.4.49+dfsg-2ubuntu1.9","libleveldb-dev=1.22-3ubuntu2","libleveldb1d=1.22-3ubuntu2","liblmdb-dev=0.9.24-1","liblmdb0=0.9.24-1","liblsan0=10.3.0-1ubuntu1~20.04","libltdl7=2.4.6-14","liblz4-1=1.9.2-2ubuntu0.20.04.1","liblzma5=5.2.4-1ubuntu1.1","libmagic-mgc=1:5.38-4","libmagic1=1:5.38-4","libmount1=2.34-0.1ubuntu9.3","libmpc3=1.1.0-1","libmpdec2=2.4.2-3","libmpfr6=4.0.2-1","libnccl-dev=2.17.1-1+cuda12.1","libnccl2=2.17.1-1+cuda12.1","libncurses-dev=6.2-0ubuntu2","libncurses5=6.2-0ubuntu2","libncurses6=6.2-0ubuntu2","libncursesw5=6.2-0ubuntu2","libncursesw6=6.2-0ubuntu2","libnettle7=3.5.1+really3.5.1-2ubuntu0.2","libnghttp2-14=1.40.0-1build1","libnl-3-200=3.4.0-1ubuntu0.1","libnl-3-dev=3.4.0-1ubuntu0.1","libnl-route-3-200=3.4.0-1ubuntu0.1","libnl-route-3-dev=3.4.0-1ubuntu0.1","libnpp-12-1=12.0.2.50-1","libnpp-dev-12-1=12.0.2.50-1","libnpth0=1.6-1","libnuma-dev=2.0.12-1","libnuma1=2.0.12-1","libnvinfer-bin=8.5.3-1+cuda11.8","libnvinfer-dev=8.5.3-1+cuda11.8","libnvinfer-plugin-dev=8.5.3-1+cuda11.8","libnvinfer-plugin8=8.5.3-1+cuda11.8","libnvinfer8=8.5.3-1+cuda11.8","libnvjitlink-12-1=12.1.55-1","libnvjitlink-dev-12-1=12.1.55-1","libnvjpeg-12-1=12.1.0.39-1","libnvjpeg-dev-12-1=12.1.0.39-1","libnvonnxparsers-dev=8.5.3-1+cuda11.8","libnvonnxparsers8=8.5.3-1+cuda11.8","libnvparsers-dev=8.5.3-1+cuda11.8","libnvparsers8=8.5.3-1+cuda11.8","libogg0=1.3.4-0ubuntu1","libonig5=6.9.4-1","libopencore-amrnb0=0.1.5-1","libopencore-amrwb0=0.1.5-1","libp11-kit0=0.23.20-1ubuntu0.1","libpam-modules-bin=1.3.1-5ubuntu4.4","libpam-modules=1.3.1-5ubuntu4.4","libpam-runtime=1.3.1-5ubuntu4.4","libpam0g=1.3.1-5ubuntu4.4","libpcre2-8-0=10.34-7ubuntu0.1","libpcre3=2:8.39-12ubuntu0.1","libperl5.30=5.30.0-9ubuntu0.3","libpmi2-0-dev=19.05.5-1","libpmi2-0=19.05.5-1","libpng-dev=1.6.37-2","libpng16-16=1.6.37-2","libpopt0=1.16-14","libprocps8=2:3.3.16-1ubuntu2.3","libprotobuf-dev=3.6.1.3-2ubuntu5","libprotobuf-lite17=3.6.1.3-2ubuntu5","libprotobuf17=3.6.1.3-2ubuntu5","libprotoc17=3.6.1.3-2ubuntu5","libpsl5=0.21.0-1ubuntu1","libpython3-dev=3.8.2-0ubuntu2","libpython3-stdlib=3.8.2-0ubuntu2","libpython3.8-dev=3.8.10-0ubuntu1~20.04.6","libpython3.8-minimal=3.8.10-0ubuntu1~20.04.6","libpython3.8-stdlib=3.8.10-0ubuntu1~20.04.6","libpython3.8=3.8.10-0ubuntu1~20.04.6","libquadmath0=10.3.0-1ubuntu1~20.04","librdmacm-dev=36.0-1","librdmacm1=36.0-1","libreadline8=8.0-4","libroken18-heimdal=7.7.0+dfsg-1ubuntu1.4","librtmp1=2.4+20151223.gitfa8646d.1-2build1","libsasl2-2=2.1.27+dfsg-2ubuntu0.1","libsasl2-modules-db=2.1.27+dfsg-2ubuntu0.1","libseccomp2=2.5.1-1ubuntu1~20.04.2","libselinux1=3.0-1build2","libsemanage-common=3.0-1build2","libsemanage1=3.0-1build2","libsepol1=3.0-1ubuntu0.1","libsigsegv2=2.12-2","libslurm34=19.05.5-1","libsmartcols1=2.34-0.1ubuntu9.3","libsnappy-dev=1.1.8-1build1","libsnappy1v5=1.1.8-1build1","libsndfile1=1.0.28-7ubuntu0.1","libsox-fmt-alsa=14.4.2+git20190427-2","libsox-fmt-base=14.4.2+git20190427-2","libsox3=14.4.2+git20190427-2","libsqlite3-0=3.31.1-4ubuntu0.5","libss2=1.45.5-2ubuntu1.1","libssh-4=0.9.3-2ubuntu2.2","libssl1.1=1.1.1f-1ubuntu2.17","libstdc++-9-dev=9.4.0-1ubuntu1~20.04.1","libstdc++6=10.3.0-1ubuntu1~20.04","libsystemd0=245.4-4ubuntu3.19","libsz2=1.0.4-1","libtasn1-6=4.16.0-2","libtcmalloc-minimal4=2.7-1ubuntu2","libtdb1=1.4.3-0ubuntu0.20.04.1","libtinfo5=6.2-0ubuntu2","libtinfo6=6.2-0ubuntu2","libtool=2.4.6-14","libtsan0=10.3.0-1ubuntu1~20.04","libubsan1=10.3.0-1ubuntu1~20.04","libudev1=245.4-4ubuntu3.19","libunistring2=0.9.10-2","libunwind8=1.2.1-9build1","libuuid1=2.34-0.1ubuntu9.3","libvorbis0a=1.3.6-2ubuntu1","libvorbisenc2=1.3.6-2ubuntu1","libvorbisfile3=1.3.6-2ubuntu1","libwavpack1=5.2.0-1ubuntu0.1","libwind0-heimdal=7.7.0+dfsg-1ubuntu1.4","libzstd1=1.4.4+dfsg-3ubuntu0.1","linux-libc-dev=5.4.0-139.156","login=1:4.8.1-1ubuntu5.20.04.4","logsave=1.45.5-2ubuntu1.1","lsb-base=11.1.0ubuntu2","m4=1.4.18-4","make=4.2.1-1.2","mawk=1.3.4.20200120-2","mime-support=3.64ubuntu1","mount=2.34-0.1ubuntu9.3","nano=4.8-1ubuntu1","nasm=2.14.02-1","ncurses-base=6.2-0ubuntu2","ncurses-bin=6.2-0ubuntu2","ninja-build=1.10.0-1build1","nsight-compute-2023.1.0=2023.1.0.15-1","nsight-systems-cli-2023.1.1=2023.1.1.127-32365746v0","numactl=2.0.12-1","openssh-client=1:8.2p1-4ubuntu0.5","openssl=1.1.1f-1ubuntu2.17","passwd=1:4.8.1-1ubuntu5.20.04.4","patch=2.7.6-6","perl-base=5.30.0-9ubuntu0.3","perl-modules-5.30=5.30.0-9ubuntu0.3","perl=5.30.0-9ubuntu0.3","pinentry-curses=1.1.0-3build1","pkg-config=0.29.1-0ubuntu4","procps=2:3.3.16-1ubuntu2.3","protobuf-compiler=3.6.1.3-2ubuntu5","python-is-python3=3.8.2-4","python3-dev=3.8.2-0ubuntu2","python3-distutils=3.8.10-0ubuntu1~20.04","python3-lib2to3=3.8.10-0ubuntu1~20.04","python3-minimal=3.8.2-0ubuntu2","python3.8-dev=3.8.10-0ubuntu1~20.04.6","python3.8-minimal=3.8.10-0ubuntu1~20.04.6","python3.8=3.8.10-0ubuntu1~20.04.6","python3=3.8.2-0ubuntu2","rapidjson-dev=1.1.0+dfsg2-5ubuntu1","readline-common=8.0-4","rsync=3.1.3-8ubuntu0.4","sed=4.7-1","sensible-utils=0.0.12+nmu1","sound-theme-freedesktop=0.8-2ubuntu1","sox=14.4.2+git20190427-2","sysvinit-utils=2.96-2.1ubuntu1","tar=1.30+dfsg-7ubuntu0.20.04.2","tensorrt-dev=8.5.3.1-1+cuda11.8","ubuntu-keyring=2020.02.11.4","unzip=6.0-25ubuntu1.1","util-linux=2.34-0.1ubuntu9.3","vim-common=2:8.1.2269-1ubuntu5.11","vim-runtime=2:8.1.2269-1ubuntu5.11","vim=2:8.1.2269-1ubuntu5.11","wget=1.20.3-1ubuntu2","xxd=2:8.1.2269-1ubuntu5.11","xz-utils=5.2.4-1ubuntu1.1","zlib1g-dev=1:1.2.11.dfsg-2ubuntu1.5","zlib1g=1:1.2.11.dfsg-2ubuntu1.5"]},"type":"ws_msg"}
{"payload":{"env_details":{"command":["train.py","--img","224","--epochs","3","--data","/pytorch/datasets/z410/data.yaml","--weights","yolov5s.pt","--batch-size","3"],"env":null,"hostname":"LAPTOP-DCFHC7VN","ip":"172.18.24.182","machine":"x86_64","os":"Linux-5.15.90.1-microsoft-standard-WSL2-x86_64-with-glibc2.29","os_release":"5.15.90.1-microsoft-standard-WSL2","os_type":"Linux","pid":28444,"processor":"x86_64","python_exe":"/usr/bin/python","python_version":"3.8.10","python_version_verbose":"3.8.10 (default, Nov 14 2022, 12:59:47) \n[GCC 9.4.0]","user":"root"},"local_timestamp":1685257803863},"type":"ws_msg"}
{"payload":{"gpu_static_info":[{"gpu_index":0,"name":"NVIDIA GeForce RTX 3050 Laptop GPU","power_limit":null,"total_memory":4294967296,"uuid":"GPU-41e5ca25-e24b-de9a-0d5b-c503b35c6662"}],"local_timestamp":1685257803866},"type":"ws_msg"}
{"payload":{"local_timestamp":1685257803867,"metric":{"epoch":null,"metricName":"sys.gpu.0.total_memory","metricValue":4294967296,"step":null}},"type":"metric_msg"}
{"payload":{"local_timestamp":1685257803869,"param":{"paramName":"img","paramValue":224,"source":"cli","step":null}},"type":"parameter_msg"}
{"payload":{"local_timestamp":1685257803871,"param":{"paramName":"epochs","paramValue":3,"source":"cli","step":null}},"type":"parameter_msg"}
{"payload":{"local_timestamp":1685257803871,"param":{"paramName":"data","paramValue":"/pytorch/datasets/z410/data.yaml","source":"cli","step":null}},"type":"parameter_msg"}
{"payload":{"local_timestamp":1685257803871,"param":{"paramName":"weights","paramValue":"yolov5s.pt","source":"cli","step":null}},"type":"parameter_msg"}
{"payload":{"local_timestamp":1685257803871,"param":{"paramName":"batch-size","paramValue":3,"source":"cli","step":null}},"type":"parameter_msg"}
{"payload":{"local_timestamp":1685257803873,"log_other":{"key":"offline_experiment","val":true}},"type":"ws_msg"}
{"payload":{"local_timestamp":1685257803879,"metric":{"epoch":null,"metricName":"sys.gpu.0.free_memory","metricValue":3019481088,"step":null}},"type":"metric_msg"}
{"payload":{"local_timestamp":1685257803879,"metric":{"epoch":null,"metricName":"sys.gpu.0.gpu_utilization","metricValue":27,"step":null}},"type":"metric_msg"}
{"payload":{"local_timestamp":1685257803880,"metric":{"epoch":null,"metricName":"sys.gpu.0.power_usage","metricValue":7627,"step":null}},"type":"metric_msg"}
{"payload":{"local_timestamp":1685257803880,"metric":{"epoch":null,"metricName":"sys.gpu.0.temperature","metricValue":44,"step":null}},"type":"metric_msg"}
{"payload":{"local_timestamp":1685257803880,"metric":{"epoch":null,"metricName":"sys.gpu.0.used_memory","metricValue":1275486208,"step":null}},"type":"metric_msg"}
{"payload":{"local_timestamp":1685257803881,"metric":{"epoch":null,"metricName":"sys.cpu.percent.avg","metricValue":12.766666666666666,"step":null}},"type":"metric_msg"}
{"payload":{"local_timestamp":1685257803881,"metric":{"epoch":null,"metricName":"sys.load.avg","metricValue":0.21,"step":null}},"type":"metric_msg"}
{"payload":{"local_timestamp":1685257803881,"metric":{"epoch":null,"metricName":"sys.ram.total","metricValue":33505251328,"step":null}},"type":"metric_msg"}
{"payload":{"local_timestamp":1685257803881,"metric":{"epoch":null,"metricName":"sys.ram.used","metricValue":2696617984,"step":null}},"type":"metric_msg"}
{"payload":{"additional_params":{"assetId":"5e6a0800f770410a958e9ad99ca962fc","context":null,"extension":"yaml","fileName":"data.yaml","overwrite":false,"runId":null,"step":null},"clean":true,"file_path":"tmpjyjhax16","local_timestamp":1685257803883,"metadata":{"type":"data-config-file"},"upload_type":"asset"},"type":"file_upload"}
{"payload":{"local_timestamp":1685257803893,"log_other":{"key":"Created from","val":"YOLOv5"}},"type":"ws_msg"}
{"payload":{"local_timestamp":1685257803893,"param":{"paramName":"artifact_alias","paramValue":"latest","source":"manual","step":null}},"type":"parameter_msg"}
{"payload":{"local_timestamp":1685257803893,"param":{"paramName":"batch_size","paramValue":3,"source":"manual","step":null}},"type":"parameter_msg"}
{"payload":{"local_timestamp":1685257803893,"param":{"paramName":"bbox_interval","paramValue":-1,"source":"manual","step":null}},"type":"parameter_msg"}
{"payload":{"local_timestamp":1685257803893,"param":{"paramName":"bucket","paramValue":"","source":"manual","step":null}},"type":"parameter_msg"}
{"payload":{"local_timestamp":1685257803893,"param":{"paramName":"cache","paramValue":null,"source":"manual","step":null}},"type":"parameter_msg"}
{"payload":{"local_timestamp":1685257803893,"param":{"paramName":"cfg","paramValue":"","source":"manual","step":null}},"type":"parameter_msg"}
{"payload":{"local_timestamp":1685257803893,"param":{"paramName":"cos_lr","paramValue":false,"source":"manual","step":null}},"type":"parameter_msg"}
{"payload":{"local_timestamp":1685257803894,"param":{"paramName":"device","paramValue":"","source":"manual","step":null}},"type":"parameter_msg"}
{"payload":{"local_timestamp":1685257803894,"param":{"paramName":"entity","paramValue":null,"source":"manual","step":null}},"type":"parameter_msg"}
{"payload":{"local_timestamp":1685257803894,"param":{"paramName":"evolve","paramValue":null,"source":"manual","step":null}},"type":"parameter_msg"}
{"payload":{"local_timestamp":1685257803894,"param":{"paramName":"exist_ok","paramValue":false,"source":"manual","step":null}},"type":"parameter_msg"}
{"payload":{"local_timestamp":1685257803894,"params":{"paramName":"freeze","paramValue":[0],"source":"manual","step":null}},"type":"parameter_msg"}
{"payload":{"local_timestamp":1685257803894,"param":{"paramName":"hyp","paramValue":"{\"anchor_t\": 4.0, \"box\": 0.05, \"cls\": 0.5, \"cls_pw\": 1.0, \"copy_paste\": 0.0, \"degrees\": 0.0, \"fl_gamma\": 0.0, \"fliplr\": 0.5, \"flipud\": 0.0, \"hsv_h\": 0.015, \"hsv_s\": 0.7, \"hsv_v\": 0.4, \"iou_t\": 0.2, \"lr0\": 0.01, \"lrf\": 0.01, \"mixup\": 0.0, \"momentum\": 0.937, \"mosaic\": 1.0, \"obj\": 1.0, \"obj_pw\": 1.0, \"perspective\": 0.0, \"scale\": 0.5, \"shear\": 0.0, \"translate\": 0.1, \"warmup_bias_lr\": 0.1, \"warmup_epochs\": 3.0, \"warmup_momentum\": 0.8, \"weight_decay\": 0.0005}","source":"manual","step":null}},"type":"parameter_msg"}
{"payload":{"local_timestamp":1685257803894,"param":{"paramName":"image_weights","paramValue":false,"source":"manual","step":null}},"type":"parameter_msg"}
{"payload":{"local_timestamp":1685257803894,"param":{"paramName":"imgsz","paramValue":224,"source":"manual","step":null}},"type":"parameter_msg"}
{"payload":{"local_timestamp":1685257803894,"param":{"paramName":"label_smoothing","paramValue":0.0,"source":"manual","step":null}},"type":"parameter_msg"}
{"payload":{"local_timestamp":1685257803894,"param":{"paramName":"local_rank","paramValue":-1,"source":"manual","step":null}},"type":"parameter_msg"}
{"payload":{"local_timestamp":1685257803894,"param":{"paramName":"multi_scale","paramValue":false,"source":"manual","step":null}},"type":"parameter_msg"}
{"payload":{"local_timestamp":1685257803894,"param":{"paramName":"name","paramValue":"exp","source":"manual","step":null}},"type":"parameter_msg"}
{"payload":{"local_timestamp":1685257803894,"param":{"paramName":"noautoanchor","paramValue":false,"source":"manual","step":null}},"type":"parameter_msg"}
{"payload":{"local_timestamp":1685257803894,"param":{"paramName":"noplots","paramValue":false,"source":"manual","step":null}},"type":"parameter_msg"}
{"payload":{"local_timestamp":1685257803894,"param":{"paramName":"nosave","paramValue":false,"source":"manual","step":null}},"type":"parameter_msg"}
{"payload":{"local_timestamp":1685257803894,"param":{"paramName":"noval","paramValue":false,"source":"manual","step":null}},"type":"parameter_msg"}
{"payload":{"local_timestamp":1685257803894,"param":{"paramName":"optimizer","paramValue":"SGD","source":"manual","step":null}},"type":"parameter_msg"}
{"payload":{"local_timestamp":1685257803895,"param":{"paramName":"patience","paramValue":100,"source":"manual","step":null}},"type":"parameter_msg"}
{"payload":{"local_timestamp":1685257803895,"param":{"paramName":"project","paramValue":"runs/train","source":"manual","step":null}},"type":"parameter_msg"}
{"payload":{"local_timestamp":1685257803895,"param":{"paramName":"quad","paramValue":false,"source":"manual","step":null}},"type":"parameter_msg"}
{"payload":{"local_timestamp":1685257803895,"param":{"paramName":"rect","paramValue":false,"source":"manual","step":null}},"type":"parameter_msg"}
{"payload":{"local_timestamp":1685257803895,"param":{"paramName":"resume","paramValue":false,"source":"manual","step":null}},"type":"parameter_msg"}
{"payload":{"local_timestamp":1685257803895,"param":{"paramName":"save_dir","paramValue":"runs/train/exp15","source":"manual","step":null}},"type":"parameter_msg"}
{"payload":{"local_timestamp":1685257803895,"param":{"paramName":"save_period","paramValue":-1,"source":"manual","step":null}},"type":"parameter_msg"}
{"payload":{"local_timestamp":1685257803895,"param":{"paramName":"seed","paramValue":0,"source":"manual","step":null}},"type":"parameter_msg"}
{"payload":{"local_timestamp":1685257803895,"param":{"paramName":"single_cls","paramValue":false,"source":"manual","step":null}},"type":"parameter_msg"}
{"payload":{"local_timestamp":1685257803895,"param":{"paramName":"sync_bn","paramValue":false,"source":"manual","step":null}},"type":"parameter_msg"}
{"payload":{"local_timestamp":1685257803895,"param":{"paramName":"upload_dataset","paramValue":false,"source":"manual","step":null}},"type":"parameter_msg"}
{"payload":{"local_timestamp":1685257803895,"param":{"paramName":"workers","paramValue":8,"source":"manual","step":null}},"type":"parameter_msg"}
{"payload":{"local_timestamp":1685257803895,"param":{"paramName":"anchor_t","paramValue":4.0,"source":"manual","step":null}},"type":"parameter_msg"}
{"payload":{"local_timestamp":1685257803895,"param":{"paramName":"box","paramValue":0.05,"source":"manual","step":null}},"type":"parameter_msg"}
{"payload":{"local_timestamp":1685257803895,"param":{"paramName":"cls","paramValue":0.5,"source":"manual","step":null}},"type":"parameter_msg"}
{"payload":{"local_timestamp":1685257803895,"param":{"paramName":"cls_pw","paramValue":1.0,"source":"manual","step":null}},"type":"parameter_msg"}
{"payload":{"local_timestamp":1685257803895,"param":{"paramName":"copy_paste","paramValue":0.0,"source":"manual","step":null}},"type":"parameter_msg"}
{"payload":{"local_timestamp":1685257803895,"param":{"paramName":"degrees","paramValue":0.0,"source":"manual","step":null}},"type":"parameter_msg"}
{"payload":{"local_timestamp":1685257803895,"param":{"paramName":"fl_gamma","paramValue":0.0,"source":"manual","step":null}},"type":"parameter_msg"}
{"payload":{"local_timestamp":1685257803895,"param":{"paramName":"fliplr","paramValue":0.5,"source":"manual","step":null}},"type":"parameter_msg"}
{"payload":{"local_timestamp":1685257803895,"param":{"paramName":"flipud","paramValue":0.0,"source":"manual","step":null}},"type":"parameter_msg"}
{"payload":{"local_timestamp":1685257803895,"param":{"paramName":"hsv_h","paramValue":0.015,"source":"manual","step":null}},"type":"parameter_msg"}
{"payload":{"local_timestamp":1685257803895,"param":{"paramName":"hsv_s","paramValue":0.7,"source":"manual","step":null}},"type":"parameter_msg"}
{"payload":{"local_timestamp":1685257803895,"param":{"paramName":"hsv_v","paramValue":0.4,"source":"manual","step":null}},"type":"parameter_msg"}
{"payload":{"local_timestamp":1685257803895,"param":{"paramName":"iou_t","paramValue":0.2,"source":"manual","step":null}},"type":"parameter_msg"}
{"payload":{"local_timestamp":1685257803895,"param":{"paramName":"lr0","paramValue":0.01,"source":"manual","step":null}},"type":"parameter_msg"}
{"payload":{"local_timestamp":1685257803895,"param":{"paramName":"lrf","paramValue":0.01,"source":"manual","step":null}},"type":"parameter_msg"}
{"payload":{"local_timestamp":1685257803895,"param":{"paramName":"mixup","paramValue":0.0,"source":"manual","step":null}},"type":"parameter_msg"}
{"payload":{"local_timestamp":1685257803895,"param":{"paramName":"momentum","paramValue":0.937,"source":"manual","step":null}},"type":"parameter_msg"}
{"payload":{"local_timestamp":1685257803895,"param":{"paramName":"mosaic","paramValue":1.0,"source":"manual","step":null}},"type":"parameter_msg"}
{"payload":{"local_timestamp":1685257803895,"param":{"paramName":"obj","paramValue":1.0,"source":"manual","step":null}},"type":"parameter_msg"}
{"payload":{"local_timestamp":1685257803895,"param":{"paramName":"obj_pw","paramValue":1.0,"source":"manual","step":null}},"type":"parameter_msg"}
{"payload":{"local_timestamp":1685257803895,"param":{"paramName":"perspective","paramValue":0.0,"source":"manual","step":null}},"type":"parameter_msg"}
{"payload":{"local_timestamp":1685257803895,"param":{"paramName":"scale","paramValue":0.5,"source":"manual","step":null}},"type":"parameter_msg"}
{"payload":{"local_timestamp":1685257803895,"param":{"paramName":"shear","paramValue":0.0,"source":"manual","step":null}},"type":"parameter_msg"}
{"payload":{"local_timestamp":1685257803895,"param":{"paramName":"translate","paramValue":0.1,"source":"manual","step":null}},"type":"parameter_msg"}
{"payload":{"local_timestamp":1685257803895,"param":{"paramName":"warmup_bias_lr","paramValue":0.1,"source":"manual","step":null}},"type":"parameter_msg"}
{"payload":{"local_timestamp":1685257803895,"param":{"paramName":"warmup_epochs","paramValue":3.0,"source":"manual","step":null}},"type":"parameter_msg"}
{"payload":{"local_timestamp":1685257803895,"param":{"paramName":"warmup_momentum","paramValue":0.8,"source":"manual","step":null}},"type":"parameter_msg"}
{"payload":{"local_timestamp":1685257803895,"param":{"paramName":"weight_decay","paramValue":0.0005,"source":"manual","step":null}},"type":"parameter_msg"}
{"payload":{"additional_params":{"assetId":"cdc08b4a657f44d48744d5f2d805b28d","context":null,"epoch":null,"extension":"json","fileName":"hyperparameters.json","overwrite":false,"runId":null,"step":null},"clean":true,"file_path":"tmpb3bd78gf","local_timestamp":1685257803924,"metadata":{"type":"hyp-config-file"},"upload_type":"asset"},"type":"file_upload"}
{"payload":{"additional_params":{"assetId":"fb5a30f6f9f14b00ac778d0c10a7a744","context":null,"extension":"yaml","fileName":"opt.yaml","overwrite":false,"runId":null,"step":null},"clean":true,"file_path":"tmpl9d3ei7o","local_timestamp":1685257803915,"metadata":{"type":"opt-config-file"},"upload_type":"asset"},"type":"file_upload"}
{"payload":{"local_timestamp":1685257803915,"param":{"paramName":"val_conf_threshold","paramValue":0.001,"source":"manual","step":null}},"type":"parameter_msg"}
{"payload":{"local_timestamp":1685257803916,"param":{"paramName":"val_iou_threshold","paramValue":0.6,"source":"manual","step":null}},"type":"parameter_msg"}
{"payload":{"local_timestamp":1685257803916,"log_other":{"key":"comet_mode","val":"online"}},"type":"ws_msg"}
{"payload":{"local_timestamp":1685257803916,"log_other":{"key":"comet_max_image_uploads","val":100}},"type":"ws_msg"}
{"payload":{"local_timestamp":1685257803916,"log_other":{"key":"comet_log_per_class_metrics","val":false}},"type":"ws_msg"}
{"payload":{"local_timestamp":1685257803916,"log_other":{"key":"comet_log_batch_metrics","val":false}},"type":"ws_msg"}
{"payload":{"local_timestamp":1685257803916,"log_other":{"key":"comet_log_confusion_matrix","val":true}},"type":"ws_msg"}
{"payload":{"local_timestamp":1685257803916,"log_other":{"key":"comet_model_name","val":"yolov5"}},"type":"ws_msg"}
{"payload":{"git_meta":{"branch":"refs/heads/master","origin":"https://github.com/ultralytics/yolov5","parent":"c3c130416323f3766d4abe95c2ff88bc9e2264dd","repo_name":"yolov5","root":"1e84a23f38fad9e52b59101e9f1246d93066ed1e","status":null,"user":null},"local_timestamp":1685257804151},"type":"ws_msg"}
{"payload":{"local_timestamp":1685257804655,"stderr":true,"stdout":"Downloading https://github.com/ultralytics/yolov5/releases/download/v7.0/yolov5s.pt to yolov5s.pt...\n"},"type":"ws_msg"}
{"payload":{"local_timestamp":1685257807123,"stderr":true,"stdout":"\r  0%|          | 0.00/14.1M [00:00<?, ?B/s]"},"type":"ws_msg"}
{"payload":{"local_timestamp":1685257807247,"stderr":true,"stdout":"\r  1%|          | 104k/14.1M [00:00<00:17, 863kB/s]"},"type":"ws_msg"}
{"payload":{"local_timestamp":1685257807348,"stderr":true,"stdout":"\r  3%|\u258e         | 472k/14.1M [00:00<00:05, 2.41MB/s]"},"type":"ws_msg"}
{"payload":{"local_timestamp":1685257807449,"stderr":true,"stdout":"\r  9%|\u2589         | 1.24M/14.1M [00:00<00:02, 4.88MB/s]"},"type":"ws_msg"}
{"payload":{"local_timestamp":1685257807563,"stderr":true,"stdout":"\r 12%|\u2588\u258f        | 1.73M/14.1M [00:00<00:02, 4.74MB/s]"},"type":"ws_msg"}
{"payload":{"local_timestamp":1685257807712,"stderr":true,"stdout":"\r 21%|\u2588\u2588        | 2.90M/14.1M [00:00<00:01, 6.25MB/s]"},"type":"ws_msg"}
{"payload":{"local_timestamp":1685257807812,"stderr":true,"stdout":"\r 37%|\u2588\u2588\u2588\u258b      | 5.24M/14.1M [00:00<00:00, 11.6MB/s]"},"type":"ws_msg"}
{"payload":{"local_timestamp":1685257807936,"stderr":true,"stdout":"\r 45%|\u2588\u2588\u2588\u2588\u258c     | 6.42M/14.1M [00:00<00:00, 11.0MB/s]"},"type":"ws_msg"}
{"payload":{"local_timestamp":1685257808048,"stderr":true,"stdout":"\r 53%|\u2588\u2588\u2588\u2588\u2588\u258e    | 7.52M/14.1M [00:00<00:00, 10.8MB/s]"},"type":"ws_msg"}
{"payload":{"local_timestamp":1685257808152,"stderr":true,"stdout":"\r 61%|\u2588\u2588\u2588\u2588\u2588\u2588    | 8.59M/14.1M [00:01<00:00, 10.8MB/s]"},"type":"ws_msg"}
{"payload":{"local_timestamp":1685257808254,"stderr":true,"stdout":"\r 68%|\u2588\u2588\u2588\u2588\u2588\u2588\u258a   | 9.65M/14.1M [00:01<00:00, 10.8MB/s]"},"type":"ws_msg"}
{"payload":{"local_timestamp":1685257808356,"stderr":true,"stdout":"\r 76%|\u2588\u2588\u2588\u2588\u2588\u2588\u2588\u258c  | 10.7M/14.1M [00:01<00:00, 10.8MB/s]"},"type":"ws_msg"}
{"payload":{"local_timestamp":1685257808457,"stderr":true,"stdout":"\r 83%|\u2588\u2588\u2588\u2588\u2588\u2588\u2588\u2588\u258e | 11.8M/14.1M [00:01<00:00, 10.9MB/s]"},"type":"ws_msg"}
{"payload":{"local_timestamp":1685257808557,"stderr":true,"stdout":"\r 91%|\u2588\u2588\u2588\u2588\u2588\u2588\u2588\u2588\u2588 | 12.8M/14.1M [00:01<00:00, 10.9MB/s]"},"type":"ws_msg"}
{"payload":{"local_timestamp":1685257808657,"stderr":true,"stdout":"\r 98%|\u2588\u2588\u2588\u2588\u2588\u2588\u2588\u2588\u2588\u258a| 13.9M/14.1M [00:01<00:00, 11.0MB/s]"},"type":"ws_msg"}
{"payload":{"local_timestamp":1685257808681,"stderr":true,"stdout":"\r100%|\u2588\u2588\u2588\u2588\u2588\u2588\u2588\u2588\u2588\u2588| 14.1M/14.1M [00:01<00:00, 9.51MB/s]\n"},"type":"ws_msg"}
{"payload":{"local_timestamp":1685257808681,"stderr":true,"stdout":"\n"},"type":"ws_msg"}
{"payload":{"local_timestamp":1685257808718,"stderr":true,"stdout":"Overriding model.yaml nc=80 with nc=1\n"},"type":"ws_msg"}
{"payload":{"local_timestamp":1685257808719,"stderr":true,"stdout":"\n                 from  n    params  module                                  arguments                     \n"},"type":"ws_msg"}
{"payload":{"local_timestamp":1685257808721,"stderr":true,"stdout":"  0                -1  1      3520  models.common.Conv                      [3, 32, 6, 2, 2]              \n"},"type":"ws_msg"}
{"payload":{"local_timestamp":1685257808723,"stderr":true,"stdout":"  1                -1  1     18560  models.common.Conv                      [32, 64, 3, 2]                \n"},"type":"ws_msg"}
{"payload":{"local_timestamp":1685257808726,"stderr":true,"stdout":"  2                -1  1     18816  models.common.C3                        [64, 64, 1]                   \n"},"type":"ws_msg"}
{"payload":{"local_timestamp":1685257808728,"stderr":true,"stdout":"  3                -1  1     73984  models.common.Conv                      [64, 128, 3, 2]               \n"},"type":"ws_msg"}
{"payload":{"local_timestamp":1685257808733,"stderr":true,"stdout":"  4                -1  2    115712  models.common.C3                        [128, 128, 2]                 \n"},"type":"ws_msg"}
{"payload":{"local_timestamp":1685257808737,"stderr":true,"stdout":"  5                -1  1    295424  models.common.Conv                      [128, 256, 3, 2]              \n"},"type":"ws_msg"}
{"payload":{"local_timestamp":1685257808749,"stderr":true,"stdout":"  6                -1  3    625152  models.common.C3                        [256, 256, 3]                 \n"},"type":"ws_msg"}
{"payload":{"local_timestamp":1685257808763,"stderr":true,"stdout":"  7                -1  1   1180672  models.common.Conv                      [256, 512, 3, 2]              \n"},"type":"ws_msg"}
{"payload":{"local_timestamp":1685257808777,"stderr":true,"stdout":"  8                -1  1   1182720  models.common.C3                        [512, 512, 1]                 \n"},"type":"ws_msg"}
{"payload":{"local_timestamp":1685257808787,"stderr":true,"stdout":"  9                -1  1    656896  models.common.SPPF                      [512, 512, 5]                 \n"},"type":"ws_msg"}
{"payload":{"local_timestamp":1685257808790,"stderr":true,"stdout":" 10                -1  1    131584  models.common.Conv                      [512, 256, 1, 1]              \n"},"type":"ws_msg"}
{"payload":{"local_timestamp":1685257808790,"stderr":true,"stdout":" 11                -1  1         0  torch.nn.modules.upsampling.Upsample    [None, 2, 'nearest']          \n"},"type":"ws_msg"}
{"payload":{"local_timestamp":1685257808791,"stderr":true,"stdout":" 12           [-1, 6]  1         0  models.common.Concat                    [1]                           \n"},"type":"ws_msg"}
{"payload":{"local_timestamp":1685257808800,"stderr":true,"stdout":" 13                -1  1    361984  models.common.C3                        [512, 256, 1, False]          \n"},"type":"ws_msg"}
{"payload":{"local_timestamp":1685257808802,"stderr":true,"stdout":" 14                -1  1     33024  models.common.Conv                      [256, 128, 1, 1]              \n"},"type":"ws_msg"}
{"payload":{"local_timestamp":1685257808803,"stderr":true,"stdout":" 15                -1  1         0  torch.nn.modules.upsampling.Upsample    [None, 2, 'nearest']          \n"},"type":"ws_msg"}
{"payload":{"local_timestamp":1685257808803,"stderr":true,"stdout":" 16           [-1, 4]  1         0  models.common.Concat                    [1]                           \n"},"type":"ws_msg"}
{"payload":{"local_timestamp":1685257808808,"stderr":true,"stdout":" 17                -1  1     90880  models.common.C3                        [256, 128, 1, False]          \n"},"type":"ws_msg"}
{"payload":{"local_timestamp":1685257808810,"stderr":true,"stdout":" 18                -1  1    147712  models.common.Conv                      [128, 128, 3, 2]              \n"},"type":"ws_msg"}
{"payload":{"local_timestamp":1685257808811,"stderr":true,"stdout":" 19          [-1, 14]  1         0  models.common.Concat                    [1]                           \n"},"type":"ws_msg"}
{"payload":{"local_timestamp":1685257808818,"stderr":true,"stdout":" 20                -1  1    296448  models.common.C3                        [256, 256, 1, False]          \n"},"type":"ws_msg"}
{"payload":{"local_timestamp":1685257808828,"stderr":true,"stdout":" 21                -1  1    590336  models.common.Conv                      [256, 256, 3, 2]              \n"},"type":"ws_msg"}
{"payload":{"local_timestamp":1685257808829,"stderr":true,"stdout":" 22          [-1, 10]  1         0  models.common.Concat                    [1]                           \n"},"type":"ws_msg"}
{"payload":{"local_timestamp":1685257808847,"stderr":true,"stdout":" 23                -1  1   1182720  models.common.C3                        [512, 512, 1, False]          \n"},"type":"ws_msg"}
{"payload":{"local_timestamp":1685257808850,"stderr":true,"stdout":" 24      [17, 20, 23]  1     16182  models.yolo.Detect                      [1, [[10, 13, 16, 30, 33, 23], [30, 61, 62, 45, 59, 119], [116, 90, 156, 198, 373, 326]], [128, 256, 512]]\n"},"type":"ws_msg"}
{"payload":{"local_timestamp":1685257809051,"stderr":true,"stdout":"Model summary: 214 layers, 7022326 parameters, 7022326 gradients, 15.9 GFLOPs\n"},"type":"ws_msg"}
{"payload":{"local_timestamp":1685257809052,"stderr":true,"stdout":"\n"},"type":"ws_msg"}
{"payload":{"local_timestamp":1685257809281,"stderr":true,"stdout":"Transferred 343/349 items from yolov5s.pt\n"},"type":"ws_msg"}
{"payload":{"local_timestamp":1685257810522,"stderr":true,"stdout":"\u001b[34m\u001b[1mAMP: \u001b[0mchecks passed \u2705\n"},"type":"ws_msg"}
{"payload":{"local_timestamp":1685257810525,"stderr":true,"stdout":"\u001b[34m\u001b[1moptimizer:\u001b[0m SGD(lr=0.01) with parameter groups 57 weight(decay=0.0), 60 weight(decay=0.0004921875), 60 bias\n"},"type":"ws_msg"}
{"payload":{"local_timestamp":1685257810588,"stderr":true,"stdout":"\r\u001b[34m\u001b[1mtrain: \u001b[0mScanning /pytorch/datasets/z410/train/labels.cache... 14 images, 9 backgrounds, 0 corrupt: 100%|\u2588\u2588\u2588\u2588\u2588\u2588\u2588\u2588\u2588\u2588| 14/14 [00:00<?, ?it/s]"},"type":"ws_msg"}
{"payload":{"local_timestamp":1685257810589,"stderr":true,"stdout":"\r\u001b[34m\u001b[1mtrain: \u001b[0mScanning /pytorch/datasets/z410/train/labels.cache... 14 images, 9 backgrounds, 0 corrupt: 100%|\u2588\u2588\u2588\u2588\u2588\u2588\u2588\u2588\u2588\u2588| 14/14 [00:00<?, ?it/s]\n"},"type":"ws_msg"}
{"payload":{"local_timestamp":1685257810704,"stderr":true,"stdout":"\r\u001b[34m\u001b[1mval: \u001b[0mScanning /pytorch/datasets/z410/valid/labels.cache... 4 images, 3 backgrounds, 0 corrupt: 100%|\u2588\u2588\u2588\u2588\u2588\u2588\u2588\u2588\u2588\u2588| 4/4 [00:00<?, ?it/s]"},"type":"ws_msg"}
{"payload":{"local_timestamp":1685257810706,"stderr":true,"stdout":"\r\u001b[34m\u001b[1mval: \u001b[0mScanning /pytorch/datasets/z410/valid/labels.cache... 4 images, 3 backgrounds, 0 corrupt: 100%|\u2588\u2588\u2588\u2588\u2588\u2588\u2588\u2588\u2588\u2588| 4/4 [00:00<?, ?it/s]\n"},"type":"ws_msg"}
{"payload":{"local_timestamp":1685257810772,"stderr":true,"stdout":"\n\u001b[34m\u001b[1mAutoAnchor: \u001b[0m7.00 anchors/target, 1.000 Best Possible Recall (BPR). Current anchors are a good fit to dataset \u2705\n"},"type":"ws_msg"}
{"payload":{"local_timestamp":1685257810833,"stderr":true,"stdout":"Plotting labels to runs/train/exp15/labels.jpg... \n"},"type":"ws_msg"}
{"payload":{"additional_params":{"assetId":"2350c5fc1f3e47d784fce1f6e77c9a35","context":null,"extension":"jpg","fileName":"labels.jpg","overwrite":false,"runId":null,"step":null},"clean":true,"file_path":"tmppow2mfw9","local_timestamp":1685257814008,"metadata":{},"upload_type":"asset"},"type":"file_upload"}
{"payload":{"additional_params":{"assetId":"11e51d68c91741b794f764b3ee274db4","context":null,"extension":"jpg","fileName":"labels_correlogram.jpg","overwrite":false,"runId":null,"step":null},"clean":true,"file_path":"tmphdo4qy2h","local_timestamp":1685257814010,"metadata":{},"upload_type":"asset"},"type":"file_upload"}
{"payload":{"local_timestamp":1685257814013,"param":{"paramName":"cls","paramValue":0.006250000000000001,"source":"manual","step":null}},"type":"parameter_msg"}
{"payload":{"local_timestamp":1685257814013,"param":{"paramName":"obj","paramValue":0.12249999999999998,"source":"manual","step":null}},"type":"parameter_msg"}
{"payload":{"local_timestamp":1685257814013,"param":{"paramName":"weight_decay","paramValue":0.0004921875,"source":"manual","step":null}},"type":"parameter_msg"}
{"payload":{"local_timestamp":1685257814015,"stderr":true,"stdout":"Image sizes 224 train, 224 val\nUsing 3 dataloader workers\nLogging results to \u001b[1mruns/train/exp15\u001b[0m\nStarting training for 3 epochs...\n"},"type":"ws_msg"}
{"payload":{"local_timestamp":1685257814017,"stderr":true,"stdout":"\n      Epoch    GPU_mem   box_loss   obj_loss   cls_loss  Instances       Size\n"},"type":"ws_msg"}
{"payload":{"local_timestamp":1685257814017,"stderr":true,"stdout":"\r  0%|          | 0/5 [00:00<?, ?it/s]"},"type":"ws_msg"}
{"payload":{"local_timestamp":1685257814806,"stderr":true,"stdout":"\r        0/2     0.411G     0.1318   0.005195          0          3        224:   0%|          | 0/5 [00:00<?, ?it/s]"},"type":"ws_msg"}
{"payload":{"local_timestamp":1685257816258,"stderr":true,"stdout":"\r        0/2     0.411G     0.1318   0.005195          0          3        224:  20%|\u2588\u2588        | 1/5 [00:02<00:08,  2.24s/it]"},"type":"ws_msg"}
{"payload":{"local_timestamp":1685257816493,"stderr":true,"stdout":"\r        0/2     0.426G     0.0659   0.004086          0          0        224:  20%|\u2588\u2588        | 1/5 [00:02<00:08,  2.24s/it]"},"type":"ws_msg"}
{"payload":{"local_timestamp":1685257816493,"stderr":true,"stdout":"\r        0/2     0.426G     0.0659   0.004086          0          0        224:  40%|\u2588\u2588\u2588\u2588      | 2/5 [00:02<00:03,  1.06s/it]"},"type":"ws_msg"}
{"payload":{"local_timestamp":1685257816669,"stderr":true,"stdout":"\r        0/2     0.426G     0.0703    0.00425          0          1        224:  40%|\u2588\u2588\u2588\u2588      | 2/5 [00:02<00:03,  1.06s/it]"},"type":"ws_msg"}
{"payload":{"local_timestamp":1685257816671,"stderr":true,"stdout":"\r        0/2     0.426G     0.0703    0.00425          0          1        224:  60%|\u2588\u2588\u2588\u2588\u2588\u2588    | 3/5 [00:02<00:01,  1.52it/s]"},"type":"ws_msg"}
{"payload":{"local_timestamp":1685257816752,"stderr":true,"stdout":"\r        0/2     0.426G    0.08453   0.005286          0          4        224:  60%|\u2588\u2588\u2588\u2588\u2588\u2588    | 3/5 [00:02<00:01,  1.52it/s]"},"type":"ws_msg"}
{"payload":{"local_timestamp":1685257817152,"stderr":true,"stdout":"\r        0/2     0.432G    0.09223   0.005378          0          1        224:  60%|\u2588\u2588\u2588\u2588\u2588\u2588    | 3/5 [00:03<00:01,  1.52it/s]"},"type":"ws_msg"}
{"payload":{"local_timestamp":1685257817153,"stderr":true,"stdout":"\r        0/2     0.432G    0.09223   0.005378          0          1        224: 100%|\u2588\u2588\u2588\u2588\u2588\u2588\u2588\u2588\u2588\u2588| 5/5 [00:03<00:00,  2.37it/s]"},"type":"ws_msg"}
{"payload":{"local_timestamp":1685257817153,"stderr":true,"stdout":"\r        0/2     0.432G    0.09223   0.005378          0          1        224: 100%|\u2588\u2588\u2588\u2588\u2588\u2588\u2588\u2588\u2588\u2588| 5/5 [00:03<00:00,  1.59it/s]\n"},"type":"ws_msg"}
{"payload":{"local_timestamp":1685257817170,"stderr":true,"stdout":"\r                 Class     Images  Instances          P          R      mAP50   mAP50-95:   0%|          | 0/1 [00:00<?, ?it/s]"},"type":"ws_msg"}
{"payload":{"local_timestamp":1685257817406,"stderr":true,"stdout":"\r                 Class     Images  Instances          P          R      mAP50   mAP50-95: 100%|\u2588\u2588\u2588\u2588\u2588\u2588\u2588\u2588\u2588\u2588| 1/1 [00:00<00:00,  4.23it/s]"},"type":"ws_msg"}
{"payload":{"local_timestamp":1685257817407,"stderr":true,"stdout":"\r                 Class     Images  Instances          P          R      mAP50   mAP50-95: 100%|\u2588\u2588\u2588\u2588\u2588\u2588\u2588\u2588\u2588\u2588| 1/1 [00:00<00:00,  4.22it/s]\n"},"type":"ws_msg"}
{"payload":{"local_timestamp":1685257817408,"stderr":true,"stdout":"                   all          4          1          0          0          0          0\n"},"type":"ws_msg"}
{"payload":{"local_timestamp":1685257817419,"param":{"paramName":"curr_epoch","paramValue":0,"source":"auto-logged","step":4}},"type":"parameter_msg"}
{"payload":{"local_timestamp":1685257817419,"metric":{"epoch":0,"metricName":"metrics/mAP_0.5","metricValue":0.0,"step":4}},"type":"metric_msg"}
{"payload":{"local_timestamp":1685257817419,"metric":{"epoch":0,"metricName":"metrics/mAP_0.5:0.95","metricValue":0.0,"step":4}},"type":"metric_msg"}
{"payload":{"local_timestamp":1685257817419,"metric":{"epoch":0,"metricName":"metrics/precision","metricValue":0.0,"step":4}},"type":"metric_msg"}
{"payload":{"local_timestamp":1685257817419,"metric":{"epoch":0,"metricName":"metrics/recall","metricValue":0.0,"step":4}},"type":"metric_msg"}
{"payload":{"local_timestamp":1685257817419,"metric":{"epoch":0,"metricName":"train/box_loss","metricValue":0.09223192185163498,"step":4}},"type":"metric_msg"}
{"payload":{"local_timestamp":1685257817421,"metric":{"epoch":0,"metricName":"train/cls_loss","metricValue":0.0,"step":4}},"type":"metric_msg"}
{"payload":{"local_timestamp":1685257817422,"metric":{"epoch":0,"metricName":"train/obj_loss","metricValue":0.005377927329391241,"step":4}},"type":"metric_msg"}
{"payload":{"local_timestamp":1685257817423,"metric":{"epoch":0,"metricName":"val/box_loss","metricValue":0.12391336262226105,"step":4}},"type":"metric_msg"}
{"payload":{"local_timestamp":1685257817423,"metric":{"epoch":0,"metricName":"val/cls_loss","metricValue":0.0,"step":4}},"type":"metric_msg"}
{"payload":{"local_timestamp":1685257817423,"metric":{"epoch":0,"metricName":"val/obj_loss","metricValue":0.003406620118767023,"step":4}},"type":"metric_msg"}
{"payload":{"local_timestamp":1685257817423,"metric":{"epoch":0,"metricName":"x/lr0","metricValue":0.0964,"step":4}},"type":"metric_msg"}
{"payload":{"local_timestamp":1685257817423,"metric":{"epoch":0,"metricName":"x/lr1","metricValue":0.0004,"step":4}},"type":"metric_msg"}
{"payload":{"local_timestamp":1685257817423,"metric":{"epoch":0,"metricName":"x/lr2","metricValue":0.0004,"step":4}},"type":"metric_msg"}
{"payload":{"local_timestamp":1685257818059,"stderr":true,"stdout":"\n      Epoch    GPU_mem   box_loss   obj_loss   cls_loss  Instances       Size\n"},"type":"ws_msg"}
{"payload":{"local_timestamp":1685257818059,"stderr":true,"stdout":"\r  0%|          | 0/5 [00:00<?, ?it/s]"},"type":"ws_msg"}
{"payload":{"local_timestamp":1685257818114,"stderr":true,"stdout":"\r        1/2     0.432G          0   0.002995          0          0        224:   0%|          | 0/5 [00:00<?, ?it/s]"},"type":"ws_msg"}
{"payload":{"local_timestamp":1685257818213,"stderr":true,"stdout":"\r        1/2     0.438G    0.06631   0.003613          0          1        224:   0%|          | 0/5 [00:00<?, ?it/s]"},"type":"ws_msg"}
{"payload":{"local_timestamp":1685257818214,"stderr":true,"stdout":"\r        1/2     0.438G    0.06631   0.003613          0          1        224:  40%|\u2588\u2588\u2588\u2588      | 2/5 [00:00<00:00, 12.94it/s]"},"type":"ws_msg"}
{"payload":{"local_timestamp":1685257818287,"stderr":true,"stdout":"\r        1/2     0.438G    0.08798   0.003849          0          1        224:  40%|\u2588\u2588\u2588\u2588      | 2/5 [00:00<00:00, 12.94it/s]"},"type":"ws_msg"}
{"payload":{"local_timestamp":1685257818350,"stderr":true,"stdout":"\r        1/2     0.438G    0.08873   0.003897          0          2        224:  40%|\u2588\u2588\u2588\u2588      | 2/5 [00:00<00:00, 12.94it/s]"},"type":"ws_msg"}
{"payload":{"local_timestamp":1685257818350,"stderr":true,"stdout":"\r        1/2     0.438G    0.08873   0.003897          0          2        224:  80%|\u2588\u2588\u2588\u2588\u2588\u2588\u2588\u2588  | 4/5 [00:00<00:00, 13.86it/s]"},"type":"ws_msg"}
{"payload":{"local_timestamp":1685257818450,"stderr":true,"stdout":"\r        1/2     0.438G    0.09697   0.004062          0          1        224:  80%|\u2588\u2588\u2588\u2588\u2588\u2588\u2588\u2588  | 4/5 [00:00<00:00, 13.86it/s]"},"type":"ws_msg"}
{"payload":{"local_timestamp":1685257818451,"stderr":true,"stdout":"\r        1/2     0.438G    0.09697   0.004062          0          1        224: 100%|\u2588\u2588\u2588\u2588\u2588\u2588\u2588\u2588\u2588\u2588| 5/5 [00:00<00:00, 12.77it/s]\n"},"type":"ws_msg"}
{"payload":{"local_timestamp":1685257818461,"stderr":true,"stdout":"\r                 Class     Images  Instances          P          R      mAP50   mAP50-95:   0%|          | 0/1 [00:00<?, ?it/s]"},"type":"ws_msg"}
{"payload":{"local_timestamp":1685257818534,"stderr":true,"stdout":"\r                 Class     Images  Instances          P          R      mAP50   mAP50-95: 100%|\u2588\u2588\u2588\u2588\u2588\u2588\u2588\u2588\u2588\u2588| 1/1 [00:00<00:00, 13.75it/s]\n"},"type":"ws_msg"}
{"payload":{"local_timestamp":1685257818538,"stderr":true,"stdout":"                   all          4          1   0.000833          1    0.00104   0.000208\n"},"type":"ws_msg"}
{"payload":{"local_timestamp":1685257818549,"param":{"paramName":"curr_epoch","paramValue":1,"source":"auto-logged","step":9}},"type":"parameter_msg"}
{"payload":{"local_timestamp":1685257818549,"metric":{"epoch":1,"metricName":"metrics/mAP_0.5","metricValue":0.0010386221294363257,"step":9}},"type":"metric_msg"}
{"payload":{"local_timestamp":1685257818549,"metric":{"epoch":1,"metricName":"metrics/mAP_0.5:0.95","metricValue":0.00020772442588726513,"step":9}},"type":"metric_msg"}
{"payload":{"local_timestamp":1685257818549,"metric":{"epoch":1,"metricName":"metrics/precision","metricValue":0.0008333333333333334,"step":9}},"type":"metric_msg"}
{"payload":{"local_timestamp":1685257818549,"metric":{"epoch":1,"metricName":"metrics/recall","metricValue":1.0,"step":9}},"type":"metric_msg"}
{"payload":{"local_timestamp":1685257818549,"metric":{"epoch":1,"metricName":"train/box_loss","metricValue":0.09697295725345612,"step":9}},"type":"metric_msg"}
{"payload":{"local_timestamp":1685257818551,"metric":{"epoch":1,"metricName":"train/cls_loss","metricValue":0.0,"step":9}},"type":"metric_msg"}
{"payload":{"local_timestamp":1685257818552,"metric":{"epoch":1,"metricName":"train/obj_loss","metricValue":0.004062354099005461,"step":9}},"type":"metric_msg"}
{"payload":{"local_timestamp":1685257818553,"metric":{"epoch":1,"metricName":"val/box_loss","metricValue":0.117697574198246,"step":9}},"type":"metric_msg"}
{"payload":{"local_timestamp":1685257818553,"metric":{"epoch":1,"metricName":"val/cls_loss","metricValue":0.0,"step":9}},"type":"metric_msg"}
{"payload":{"local_timestamp":1685257818553,"metric":{"epoch":1,"metricName":"val/obj_loss","metricValue":0.003539333352819085,"step":9}},"type":"metric_msg"}
{"payload":{"local_timestamp":1685257818553,"metric":{"epoch":1,"metricName":"x/lr0","metricValue":0.091603,"step":9}},"type":"metric_msg"}
{"payload":{"local_timestamp":1685257818553,"metric":{"epoch":1,"metricName":"x/lr1","metricValue":0.000603,"step":9}},"type":"metric_msg"}
{"payload":{"local_timestamp":1685257818553,"metric":{"epoch":1,"metricName":"x/lr2","metricValue":0.000603,"step":9}},"type":"metric_msg"}
{"payload":{"local_timestamp":1685257819091,"stderr":true,"stdout":"\n      Epoch    GPU_mem   box_loss   obj_loss   cls_loss  Instances       Size\n"},"type":"ws_msg"}
{"payload":{"local_timestamp":1685257819091,"stderr":true,"stdout":"\r  0%|          | 0/5 [00:00<?, ?it/s]"},"type":"ws_msg"}
{"payload":{"local_timestamp":1685257819179,"stderr":true,"stdout":"\r        2/2     0.438G     0.1247   0.004418          0          1        224:   0%|          | 0/5 [00:00<?, ?it/s]"},"type":"ws_msg"}
{"payload":{"local_timestamp":1685257819264,"stderr":true,"stdout":"\r        2/2     0.438G     0.1225   0.005402          0          2        224:   0%|          | 0/5 [00:00<?, ?it/s]"},"type":"ws_msg"}
{"payload":{"local_timestamp":1685257819264,"stderr":true,"stdout":"\r        2/2     0.438G     0.1225   0.005402          0          2        224:  40%|\u2588\u2588\u2588\u2588      | 2/5 [00:00<00:00, 11.56it/s]"},"type":"ws_msg"}
{"payload":{"local_timestamp":1685257819356,"stderr":true,"stdout":"\r        2/2     0.438G     0.1231   0.004953          0          1        224:  40%|\u2588\u2588\u2588\u2588      | 2/5 [00:00<00:00, 11.56it/s]"},"type":"ws_msg"}
{"payload":{"local_timestamp":1685257819448,"stderr":true,"stdout":"\r        2/2     0.438G     0.1138   0.005318          0          3        224:  40%|\u2588\u2588\u2588\u2588      | 2/5 [00:00<00:00, 11.56it/s]"},"type":"ws_msg"}
{"payload":{"local_timestamp":1685257819448,"stderr":true,"stdout":"\r        2/2     0.438G     0.1138   0.005318          0          3        224:  80%|\u2588\u2588\u2588\u2588\u2588\u2588\u2588\u2588  | 4/5 [00:00<00:00, 11.17it/s]"},"type":"ws_msg"}
{"payload":{"local_timestamp":1685257819500,"stderr":true,"stdout":"\r        2/2     0.438G    0.09103    0.00486          0          0        224:  80%|\u2588\u2588\u2588\u2588\u2588\u2588\u2588\u2588  | 4/5 [00:00<00:00, 11.17it/s]"},"type":"ws_msg"}
{"payload":{"local_timestamp":1685257819501,"stderr":true,"stdout":"\r        2/2     0.438G    0.09103    0.00486          0          0        224: 100%|\u2588\u2588\u2588\u2588\u2588\u2588\u2588\u2588\u2588\u2588| 5/5 [00:00<00:00, 12.22it/s]\n"},"type":"ws_msg"}
{"payload":{"local_timestamp":1685257819512,"stderr":true,"stdout":"\r                 Class     Images  Instances          P          R      mAP50   mAP50-95:   0%|          | 0/1 [00:00<?, ?it/s]"},"type":"ws_msg"}
{"payload":{"local_timestamp":1685257819578,"stderr":true,"stdout":"\r                 Class     Images  Instances          P          R      mAP50   mAP50-95: 100%|\u2588\u2588\u2588\u2588\u2588\u2588\u2588\u2588\u2588\u2588| 1/1 [00:00<00:00, 15.05it/s]\n"},"type":"ws_msg"}
{"payload":{"local_timestamp":1685257819583,"stderr":true,"stdout":"                   all          4          1   0.000833          1    0.00106   0.000319\n"},"type":"ws_msg"}
{"payload":{"local_timestamp":1685257819594,"param":{"paramName":"curr_epoch","paramValue":2,"source":"auto-logged","step":14}},"type":"parameter_msg"}
{"payload":{"local_timestamp":1685257819595,"metric":{"epoch":2,"metricName":"metrics/mAP_0.5","metricValue":0.001064171122994652,"step":14}},"type":"metric_msg"}
{"payload":{"local_timestamp":1685257819595,"metric":{"epoch":2,"metricName":"metrics/mAP_0.5:0.95","metricValue":0.0003192513368983956,"step":14}},"type":"metric_msg"}
{"payload":{"local_timestamp":1685257819595,"metric":{"epoch":2,"metricName":"metrics/precision","metricValue":0.0008333333333333334,"step":14}},"type":"metric_msg"}
{"payload":{"local_timestamp":1685257819595,"metric":{"epoch":2,"metricName":"metrics/recall","metricValue":1.0,"step":14}},"type":"metric_msg"}
{"payload":{"local_timestamp":1685257819595,"metric":{"epoch":2,"metricName":"train/box_loss","metricValue":0.09102689474821091,"step":14}},"type":"metric_msg"}
{"payload":{"local_timestamp":1685257819596,"metric":{"epoch":2,"metricName":"train/cls_loss","metricValue":0.0,"step":14}},"type":"metric_msg"}
{"payload":{"local_timestamp":1685257819597,"metric":{"epoch":2,"metricName":"train/obj_loss","metricValue":0.004860179498791695,"step":14}},"type":"metric_msg"}
{"payload":{"local_timestamp":1685257819598,"metric":{"epoch":2,"metricName":"val/box_loss","metricValue":0.11648257076740265,"step":14}},"type":"metric_msg"}
{"payload":{"local_timestamp":1685257819598,"metric":{"epoch":2,"metricName":"val/cls_loss","metricValue":0.0,"step":14}},"type":"metric_msg"}
{"payload":{"local_timestamp":1685257819598,"metric":{"epoch":2,"metricName":"val/obj_loss","metricValue":0.0035851288121193647,"step":14}},"type":"metric_msg"}
{"payload":{"local_timestamp":1685257819598,"metric":{"epoch":2,"metricName":"x/lr0","metricValue":0.086476,"step":14}},"type":"metric_msg"}
{"payload":{"local_timestamp":1685257819599,"metric":{"epoch":2,"metricName":"x/lr1","metricValue":0.00047599999999999997,"step":14}},"type":"metric_msg"}
{"payload":{"local_timestamp":1685257819599,"metric":{"epoch":2,"metricName":"x/lr2","metricValue":0.00047599999999999997,"step":14}},"type":"metric_msg"}
{"payload":{"local_timestamp":1685257820120,"stderr":true,"stdout":"\n3 epochs completed in 0.002 hours.\n"},"type":"ws_msg"}
{"payload":{"local_timestamp":1685257820248,"stderr":true,"stdout":"Optimizer stripped from runs/train/exp15/weights/last.pt, 14.3MB\n"},"type":"ws_msg"}
{"payload":{"local_timestamp":1685257820352,"stderr":true,"stdout":"Optimizer stripped from runs/train/exp15/weights/best.pt, 14.3MB\n"},"type":"ws_msg"}
{"payload":{"local_timestamp":1685257820353,"stderr":true,"stdout":"\nValidating runs/train/exp15/weights/best.pt...\n"},"type":"ws_msg"}
{"payload":{"local_timestamp":1685257820420,"stderr":true,"stdout":"Fusing layers... \n"},"type":"ws_msg"}
{"payload":{"local_timestamp":1685257820726,"stderr":true,"stdout":"Model summary: 157 layers, 7012822 parameters, 0 gradients, 15.8 GFLOPs\n"},"type":"ws_msg"}
{"payload":{"local_timestamp":1685257820733,"stderr":true,"stdout":"\r                 Class     Images  Instances          P          R      mAP50   mAP50-95:   0%|          | 0/1 [00:00<?, ?it/s]"},"type":"ws_msg"}
{"payload":{"local_timestamp":1685257820869,"stderr":true,"stdout":"\r                 Class     Images  Instances          P          R      mAP50   mAP50-95: 100%|\u2588\u2588\u2588\u2588\u2588\u2588\u2588\u2588\u2588\u2588| 1/1 [00:00<00:00,  7.40it/s]"},"type":"ws_msg"}
{"payload":{"local_timestamp":1685257820869,"stderr":true,"stdout":"\r                 Class     Images  Instances          P          R      mAP50   mAP50-95: 100%|\u2588\u2588\u2588\u2588\u2588\u2588\u2588\u2588\u2588\u2588| 1/1 [00:00<00:00,  7.37it/s]\n"},"type":"ws_msg"}
{"payload":{"local_timestamp":1685257820911,"stderr":true,"stdout":"                   all          4          1   0.000833          1    0.00106   0.000212\n"},"type":"ws_msg"}
{"payload":{"additional_params":{"assetId":"cf1ff600d4414a9c817491e4f5efb5b6","context":null,"epoch":2,"extension":"json","fileName":"confusion-matrix-epoch-2.json","overwrite":false,"runId":null,"step":14,"type":"confusion-matrix"},"clean":true,"file_path":"tmpq0ganuny","local_timestamp":1685257823309,"metadata":{},"upload_type":"confusion-matrix"},"type":"file_upload"}
{"payload":{"local_timestamp":1685257825124,"stderr":true,"stdout":"Results saved to \u001b[1mruns/train/exp15\u001b[0m\n"},"type":"ws_msg"}
{"payload":{"additional_params":{"assetId":"df6633a332484588a1eeeeb21618fb2e","context":null,"epoch":2,"extension":"json","fileName":"image-metadata.json","overwrite":false,"runId":null,"step":14},"clean":true,"file_path":"tmpxix_5uds","local_timestamp":1685257827168,"metadata":{},"upload_type":"asset"},"type":"file_upload"}
{"payload":{"local_timestamp":1685257827155,"param":{"paramName":"curr_step","paramValue":14,"source":"auto-logged","step":14}},"type":"parameter_msg"}
{"payload":{"additional_params":{"assetId":"f148c5f4ef4045f1987f7db4e138abd1","context":null,"extension":"png","fileName":"results.png","overwrite":false,"runId":null,"step":14},"clean":true,"file_path":"tmpnxi0ervk","local_timestamp":1685257827172,"metadata":{"epoch":2},"upload_type":"asset"},"type":"file_upload"}
{"payload":{"additional_params":{"assetId":"c06f098e955946678ce07ca2df76ead5","context":null,"extension":"png","fileName":"confusion_matrix.png","overwrite":false,"runId":null,"step":14},"clean":true,"file_path":"tmpmlw8z3th","local_timestamp":1685257827173,"metadata":{"epoch":2},"upload_type":"asset"},"type":"file_upload"}
{"payload":{"additional_params":{"assetId":"d67ccccea00a4cf186cc07f4ca04b7e6","context":null,"extension":"png","fileName":"F1_curve.png","overwrite":false,"runId":null,"step":14},"clean":true,"file_path":"tmpmex98b0o","local_timestamp":1685257827175,"metadata":{"epoch":2},"upload_type":"asset"},"type":"file_upload"}
{"payload":{"additional_params":{"assetId":"5fb1516abc874728851f084693ad8db0","context":null,"extension":"png","fileName":"PR_curve.png","overwrite":false,"runId":null,"step":14},"clean":true,"file_path":"tmpnp_5lqeg","local_timestamp":1685257827176,"metadata":{"epoch":2},"upload_type":"asset"},"type":"file_upload"}
{"payload":{"additional_params":{"assetId":"f263537457e14896bb1682c2db51f14b","context":null,"extension":"png","fileName":"P_curve.png","overwrite":false,"runId":null,"step":14},"clean":true,"file_path":"tmpaccnotuz","local_timestamp":1685257827177,"metadata":{"epoch":2},"upload_type":"asset"},"type":"file_upload"}
{"payload":{"additional_params":{"assetId":"aba1429bdc9246e6ad680315049b6754","context":null,"extension":"png","fileName":"R_curve.png","overwrite":false,"runId":null,"step":14},"clean":true,"file_path":"tmpqla0pujt","local_timestamp":1685257827179,"metadata":{"epoch":2},"upload_type":"asset"},"type":"file_upload"}
{"payload":{"additional_params":{"assetId":"361745cc045e42e9bb3adc6add6f7b74","context":null,"extension":"csv","fileName":"results.csv","overwrite":false,"runId":null,"step":14},"clean":true,"file_path":"tmp2pw8ouf_","local_timestamp":1685257827179,"metadata":{"epoch":2},"upload_type":"asset"},"type":"file_upload"}
{"payload":{"local_timestamp":1685257827182,"stderr":true,"stdout":"\u001b[1;38;5;39mCOMET INFO:\u001b[0m ---------------------------------------------------------------------------------------\n"},"type":"ws_msg"}
{"payload":{"local_timestamp":1685257827182,"stderr":true,"stdout":"\u001b[1;38;5;39mCOMET INFO:\u001b[0m Comet.ml OfflineExperiment Summary\n\u001b[1;38;5;39mCOMET INFO:\u001b[0m ---------------------------------------------------------------------------------------\n"},"type":"ws_msg"}
{"payload":{"local_timestamp":1685257827182,"stderr":true,"stdout":"\u001b[1;38;5;39mCOMET INFO:\u001b[0m   Data:\n"},"type":"ws_msg"}
{"payload":{"local_timestamp":1685257827183,"stderr":true,"stdout":"\u001b[1;38;5;39mCOMET INFO:\u001b[0m     display_summary_level : 1\n"},"type":"ws_msg"}
{"payload":{"local_timestamp":1685257827184,"stderr":true,"stdout":"\u001b[1;38;5;39mCOMET INFO:\u001b[0m     url                   : [OfflineExperiment will get URL after upload]\n"},"type":"ws_msg"}
{"payload":{"local_timestamp":1685257827184,"stderr":true,"stdout":"\u001b[1;38;5;39mCOMET INFO:\u001b[0m   Metrics [count] (min, max):\n"},"type":"ws_msg"}
{"payload":{"local_timestamp":1685257827184,"stderr":true,"stdout":"\u001b[1;38;5;39mCOMET INFO:\u001b[0m     metrics/mAP_0.5 [3]      : (0.0, 0.001064171122994652)\n"},"type":"ws_msg"}
{"payload":{"local_timestamp":1685257827186,"stderr":true,"stdout":"\u001b[1;38;5;39mCOMET INFO:\u001b[0m     metrics/mAP_0.5:0.95 [3] : (0.0, 0.0003192513368983956)\n"},"type":"ws_msg"}
{"payload":{"local_timestamp":1685257827186,"stderr":true,"stdout":"\u001b[1;38;5;39mCOMET INFO:\u001b[0m     metrics/precision [3]    : (0.0, 0.0008333333333333334)\n"},"type":"ws_msg"}
{"payload":{"local_timestamp":1685257827188,"stderr":true,"stdout":"\u001b[1;38;5;39mCOMET INFO:\u001b[0m     metrics/recall [3]       : (0.0, 1.0)\n"},"type":"ws_msg"}
{"payload":{"local_timestamp":1685257827188,"stderr":true,"stdout":"\u001b[1;38;5;39mCOMET INFO:\u001b[0m     train/box_loss [3]       : (0.09102689474821091, 0.09697295725345612)\n"},"type":"ws_msg"}
{"payload":{"local_timestamp":1685257827189,"stderr":true,"stdout":"\u001b[1;38;5;39mCOMET INFO:\u001b[0m     train/cls_loss           : 0.0\n"},"type":"ws_msg"}
{"payload":{"local_timestamp":1685257827189,"stderr":true,"stdout":"\u001b[1;38;5;39mCOMET INFO:\u001b[0m     train/obj_loss [3]       : (0.004062354099005461, 0.005377927329391241)\n\u001b[1;38;5;39mCOMET INFO:\u001b[0m     val/box_loss [3]         : (0.11648257076740265, 0.12391336262226105)\n"},"type":"ws_msg"}
{"payload":{"local_timestamp":1685257827190,"stderr":true,"stdout":"\u001b[1;38;5;39mCOMET INFO:\u001b[0m     val/cls_loss             : 0.0\n"},"type":"ws_msg"}
{"payload":{"local_timestamp":1685257827190,"stderr":true,"stdout":"\u001b[1;38;5;39mCOMET INFO:\u001b[0m     val/obj_loss [3]         : (0.003406620118767023, 0.0035851288121193647)\n\u001b[1;38;5;39mCOMET INFO:\u001b[0m     x/lr0 [3]                : (0.086476, 0.0964)\n"},"type":"ws_msg"}
{"payload":{"local_timestamp":1685257827191,"stderr":true,"stdout":"\u001b[1;38;5;39mCOMET INFO:\u001b[0m     x/lr1 [3]                : (0.0004, 0.000603)\n"},"type":"ws_msg"}
{"payload":{"local_timestamp":1685257827191,"stderr":true,"stdout":"\u001b[1;38;5;39mCOMET INFO:\u001b[0m     x/lr2 [3]                : (0.0004, 0.000603)\n"},"type":"ws_msg"}
{"payload":{"local_timestamp":1685257827192,"stderr":true,"stdout":"\u001b[1;38;5;39mCOMET INFO:\u001b[0m   Others:\n"},"type":"ws_msg"}
{"payload":{"local_timestamp":1685257827192,"stderr":true,"stdout":"\u001b[1;38;5;39mCOMET INFO:\u001b[0m     Created from                : YOLOv5\n"},"type":"ws_msg"}
{"payload":{"local_timestamp":1685257827193,"stderr":true,"stdout":"\u001b[1;38;5;39mCOMET INFO:\u001b[0m     comet_log_batch_metrics     : False\n"},"type":"ws_msg"}
{"payload":{"local_timestamp":1685257827193,"stderr":true,"stdout":"\u001b[1;38;5;39mCOMET INFO:\u001b[0m     comet_log_confusion_matrix  : True\n"},"type":"ws_msg"}
{"payload":{"local_timestamp":1685257827193,"stderr":true,"stdout":"\u001b[1;38;5;39mCOMET INFO:\u001b[0m     comet_log_per_class_metrics : False\n"},"type":"ws_msg"}
{"payload":{"local_timestamp":1685257827194,"stderr":true,"stdout":"\u001b[1;38;5;39mCOMET INFO:\u001b[0m     comet_max_image_uploads     : 100\n"},"type":"ws_msg"}
{"payload":{"local_timestamp":1685257827197,"stderr":true,"stdout":"\u001b[1;38;5;39mCOMET INFO:\u001b[0m     comet_mode                  : online\n"},"type":"ws_msg"}
{"payload":{"local_timestamp":1685257827198,"stderr":true,"stdout":"\u001b[1;38;5;39mCOMET INFO:\u001b[0m     comet_model_name            : yolov5\n"},"type":"ws_msg"}
{"payload":{"local_timestamp":1685257827198,"stderr":true,"stdout":"\u001b[1;38;5;39mCOMET INFO:\u001b[0m     offline_experiment          : True\n\u001b[1;38;5;39mCOMET INFO:\u001b[0m   Parameters:\n"},"type":"ws_msg"}
{"payload":{"local_timestamp":1685257827198,"stderr":true,"stdout":"\u001b[1;38;5;39mCOMET INFO:\u001b[0m     anchor_t           : 4.0\n\u001b[1;38;5;39mCOMET INFO:\u001b[0m     artifact_alias     : latest\n"},"type":"ws_msg"}
{"payload":{"local_timestamp":1685257827199,"stderr":true,"stdout":"\u001b[1;38;5;39mCOMET INFO:\u001b[0m     batch_size         : 3\n"},"type":"ws_msg"}
{"payload":{"local_timestamp":1685257827199,"stderr":true,"stdout":"\u001b[1;38;5;39mCOMET INFO:\u001b[0m     bbox_interval      : -1\n"},"type":"ws_msg"}
{"payload":{"local_timestamp":1685257827199,"stderr":true,"stdout":"\u001b[1;38;5;39mCOMET INFO:\u001b[0m     box                : 0.05\n"},"type":"ws_msg"}
{"payload":{"local_timestamp":1685257827206,"stderr":true,"stdout":"\u001b[1;38;5;39mCOMET INFO:\u001b[0m     bucket             : \n"},"type":"ws_msg"}
{"payload":{"local_timestamp":1685257827206,"stderr":true,"stdout":"\u001b[1;38;5;39mCOMET INFO:\u001b[0m     cache              : 1\n"},"type":"ws_msg"}
{"payload":{"local_timestamp":1685257827207,"stderr":true,"stdout":"\u001b[1;38;5;39mCOMET INFO:\u001b[0m     cfg                : \n\u001b[1;38;5;39mCOMET INFO:\u001b[0m     cls                : 0.006250000000000001\n\u001b[1;38;5;39mCOMET INFO:\u001b[0m     cls_pw             : 1.0\n\u001b[1;38;5;39mCOMET INFO:\u001b[0m     copy_paste         : 0.0\n"},"type":"ws_msg"}
{"payload":{"local_timestamp":1685257827207,"stderr":true,"stdout":"\u001b[1;38;5;39mCOMET INFO:\u001b[0m     cos_lr             : False\n\u001b[1;38;5;39mCOMET INFO:\u001b[0m     degrees            : 0.0\n"},"type":"ws_msg"}
{"payload":{"local_timestamp":1685257827208,"stderr":true,"stdout":"\u001b[1;38;5;39mCOMET INFO:\u001b[0m     device             : \n"},"type":"ws_msg"}
{"payload":{"local_timestamp":1685257827208,"stderr":true,"stdout":"\u001b[1;38;5;39mCOMET INFO:\u001b[0m     entity             : 1\n\u001b[1;38;5;39mCOMET INFO:\u001b[0m     evolve             : 1\n"},"type":"ws_msg"}
{"payload":{"local_timestamp":1685257827208,"stderr":true,"stdout":"\u001b[1;38;5;39mCOMET INFO:\u001b[0m     exist_ok           : False\n"},"type":"ws_msg"}
{"payload":{"local_timestamp":1685257827209,"stderr":true,"stdout":"\u001b[1;38;5;39mCOMET INFO:\u001b[0m     fl_gamma           : 0.0\n\u001b[1;38;5;39mCOMET INFO:\u001b[0m     fliplr             : 0.5\n"},"type":"ws_msg"}
{"payload":{"local_timestamp":1685257827209,"stderr":true,"stdout":"\u001b[1;38;5;39mCOMET INFO:\u001b[0m     flipud             : 0.0\n"},"type":"ws_msg"}
{"payload":{"local_timestamp":1685257827209,"stderr":true,"stdout":"\u001b[1;38;5;39mCOMET INFO:\u001b[0m     freeze             : [0]\n"},"type":"ws_msg"}
{"payload":{"local_timestamp":1685257827210,"stderr":true,"stdout":"\u001b[1;38;5;39mCOMET INFO:\u001b[0m     hsv_h              : 0.015\n\u001b[1;38;5;39mCOMET INFO:\u001b[0m     hsv_s              : 0.7\n"},"type":"ws_msg"}
{"payload":{"local_timestamp":1685257827210,"stderr":true,"stdout":"\u001b[1;38;5;39mCOMET INFO:\u001b[0m     hsv_v              : 0.4\n"},"type":"ws_msg"}
{"payload":{"local_timestamp":1685257827211,"stderr":true,"stdout":"\u001b[1;38;5;39mCOMET INFO:\u001b[0m     hyp                : {\"anchor_t\": 4.0, \"box\": 0.05, \"cls\": 0.5, \"cls_pw\": 1.0, \"copy_paste\": 0.0, \"degrees\": 0.0, \"fl_gamma\": 0.0, \"fliplr\": 0.5, \"flipud\": 0.0, \"hsv_h\": 0.015, \"hsv_s\": 0.7, \"hsv_v\": 0.4, \"iou_t\": 0.2, \"lr0\": 0.01, \"lrf\": 0.01, \"mixup\": 0.0, \"momentum\": 0.937, \"mosaic\": 1.0, \"obj\": 1.0, \"obj_pw\": 1.0, \"perspective\": 0.0, \"scale\": 0.5, \"shear\": 0.0, \"translate\": 0.1, \"warmup_bias_lr\": 0.1, \"warmup_epochs\": 3.0, \"warmup_momentum\": 0.8, \"weight_decay\": 0.0005}\n\u001b[1;38;5;39mCOMET INFO:\u001b[0m     image_weights      : False\n"},"type":"ws_msg"}
{"payload":{"local_timestamp":1685257827211,"stderr":true,"stdout":"\u001b[1;38;5;39mCOMET INFO:\u001b[0m     imgsz              : 224\n"},"type":"ws_msg"}
{"payload":{"local_timestamp":1685257827212,"stderr":true,"stdout":"\u001b[1;38;5;39mCOMET INFO:\u001b[0m     iou_t              : 0.2\n"},"type":"ws_msg"}
{"payload":{"local_timestamp":1685257827212,"stderr":true,"stdout":"\u001b[1;38;5;39mCOMET INFO:\u001b[0m     label_smoothing    : 0.0\n"},"type":"ws_msg"}
{"payload":{"local_timestamp":1685257827213,"stderr":true,"stdout":"\u001b[1;38;5;39mCOMET INFO:\u001b[0m     local_rank         : -1\n"},"type":"ws_msg"}
{"payload":{"local_timestamp":1685257827213,"stderr":true,"stdout":"\u001b[1;38;5;39mCOMET INFO:\u001b[0m     lr0                : 0.01\n\u001b[1;38;5;39mCOMET INFO:\u001b[0m     lrf                : 0.01\n"},"type":"ws_msg"}
{"payload":{"local_timestamp":1685257827214,"stderr":true,"stdout":"\u001b[1;38;5;39mCOMET INFO:\u001b[0m     mixup              : 0.0\n"},"type":"ws_msg"}
{"payload":{"local_timestamp":1685257827214,"stderr":true,"stdout":"\u001b[1;38;5;39mCOMET INFO:\u001b[0m     momentum           : 0.937\n\u001b[1;38;5;39mCOMET INFO:\u001b[0m     mosaic             : 1.0\n"},"type":"ws_msg"}
{"payload":{"local_timestamp":1685257827215,"stderr":true,"stdout":"\u001b[1;38;5;39mCOMET INFO:\u001b[0m     multi_scale        : False\n"},"type":"ws_msg"}
{"payload":{"local_timestamp":1685257827215,"stderr":true,"stdout":"\u001b[1;38;5;39mCOMET INFO:\u001b[0m     name               : exp\n"},"type":"ws_msg"}
{"payload":{"local_timestamp":1685257827216,"stderr":true,"stdout":"\u001b[1;38;5;39mCOMET INFO:\u001b[0m     noautoanchor       : False\n"},"type":"ws_msg"}
{"payload":{"local_timestamp":1685257827216,"stderr":true,"stdout":"\u001b[1;38;5;39mCOMET INFO:\u001b[0m     noplots            : False\n"},"type":"ws_msg"}
{"payload":{"local_timestamp":1685257827217,"stderr":true,"stdout":"\u001b[1;38;5;39mCOMET INFO:\u001b[0m     nosave             : False\n\u001b[1;38;5;39mCOMET INFO:\u001b[0m     noval              : False\n"},"type":"ws_msg"}
{"payload":{"local_timestamp":1685257827217,"stderr":true,"stdout":"\u001b[1;38;5;39mCOMET INFO:\u001b[0m     obj                : 0.12249999999999998\n"},"type":"ws_msg"}
{"payload":{"local_timestamp":1685257827218,"stderr":true,"stdout":"\u001b[1;38;5;39mCOMET INFO:\u001b[0m     obj_pw             : 1.0\n"},"type":"ws_msg"}
{"payload":{"local_timestamp":1685257827219,"stderr":true,"stdout":"\u001b[1;38;5;39mCOMET INFO:\u001b[0m     optimizer          : SGD\n\u001b[1;38;5;39mCOMET INFO:\u001b[0m     patience           : 100\n"},"type":"ws_msg"}
{"payload":{"local_timestamp":1685257827220,"stderr":true,"stdout":"\u001b[1;38;5;39mCOMET INFO:\u001b[0m     perspective        : 0.0\n"},"type":"ws_msg"}
{"payload":{"local_timestamp":1685257827220,"stderr":true,"stdout":"\u001b[1;38;5;39mCOMET INFO:\u001b[0m     project            : runs/train\n"},"type":"ws_msg"}
{"payload":{"local_timestamp":1685257827221,"stderr":true,"stdout":"\u001b[1;38;5;39mCOMET INFO:\u001b[0m     quad               : False\n"},"type":"ws_msg"}
{"payload":{"local_timestamp":1685257827221,"stderr":true,"stdout":"\u001b[1;38;5;39mCOMET INFO:\u001b[0m     rect               : False\n"},"type":"ws_msg"}
{"payload":{"local_timestamp":1685257827221,"stderr":true,"stdout":"\u001b[1;38;5;39mCOMET INFO:\u001b[0m     resume             : False\n"},"type":"ws_msg"}
{"payload":{"local_timestamp":1685257827222,"stderr":true,"stdout":"\u001b[1;38;5;39mCOMET INFO:\u001b[0m     save_dir           : runs/train/exp15\n"},"type":"ws_msg"}
{"payload":{"local_timestamp":1685257827222,"stderr":true,"stdout":"\u001b[1;38;5;39mCOMET INFO:\u001b[0m     save_period        : -1\n"},"type":"ws_msg"}
{"payload":{"local_timestamp":1685257827222,"stderr":true,"stdout":"\u001b[1;38;5;39mCOMET INFO:\u001b[0m     scale              : 0.5\n"},"type":"ws_msg"}
{"payload":{"local_timestamp":1685257827223,"stderr":true,"stdout":"\u001b[1;38;5;39mCOMET INFO:\u001b[0m     seed               : 0\n"},"type":"ws_msg"}
{"payload":{"local_timestamp":1685257827223,"stderr":true,"stdout":"\u001b[1;38;5;39mCOMET INFO:\u001b[0m     shear              : 0.0\n\u001b[1;38;5;39mCOMET INFO:\u001b[0m     single_cls         : False\n\u001b[1;38;5;39mCOMET INFO:\u001b[0m     sync_bn            : False\n"},"type":"ws_msg"}
{"payload":{"local_timestamp":1685257827223,"stderr":true,"stdout":"\u001b[1;38;5;39mCOMET INFO:\u001b[0m     translate          : 0.1\n"},"type":"ws_msg"}
{"payload":{"local_timestamp":1685257827224,"stderr":true,"stdout":"\u001b[1;38;5;39mCOMET INFO:\u001b[0m     upload_dataset     : False\n"},"type":"ws_msg"}
{"payload":{"local_timestamp":1685257827224,"stderr":true,"stdout":"\u001b[1;38;5;39mCOMET INFO:\u001b[0m     val_conf_threshold : 0.001\n"},"type":"ws_msg"}
{"payload":{"local_timestamp":1685257827225,"stderr":true,"stdout":"\u001b[1;38;5;39mCOMET INFO:\u001b[0m     val_iou_threshold  : 0.6\n"},"type":"ws_msg"}
{"payload":{"local_timestamp":1685257827225,"stderr":true,"stdout":"\u001b[1;38;5;39mCOMET INFO:\u001b[0m     warmup_bias_lr     : 0.1\n"},"type":"ws_msg"}
{"payload":{"local_timestamp":1685257827226,"stderr":true,"stdout":"\u001b[1;38;5;39mCOMET INFO:\u001b[0m     warmup_epochs      : 3.0\n"},"type":"ws_msg"}
{"payload":{"local_timestamp":1685257827228,"stderr":true,"stdout":"\u001b[1;38;5;39mCOMET INFO:\u001b[0m     warmup_momentum    : 0.8\n"},"type":"ws_msg"}
{"payload":{"local_timestamp":1685257827228,"stderr":true,"stdout":"\u001b[1;38;5;39mCOMET INFO:\u001b[0m     weight_decay       : 0.0004921875\n"},"type":"ws_msg"}
{"payload":{"local_timestamp":1685257827229,"stderr":true,"stdout":"\u001b[1;38;5;39mCOMET INFO:\u001b[0m     workers            : 8\n"},"type":"ws_msg"}
{"payload":{"local_timestamp":1685257827229,"stderr":true,"stdout":"\u001b[1;38;5;39mCOMET INFO:\u001b[0m   Uploads:\n"},"type":"ws_msg"}
{"payload":{"local_timestamp":1685257827229,"log_other":{"key":"sys.already_imported_modules","val":"[\"tensorboard\", \"torch\"]"}},"type":"ws_msg"}
{"payload":{"local_timestamp":1685257827230,"stderr":true,"stdout":"\u001b[1;38;5;39mCOMET INFO:\u001b[0m     asset               : 13 (815.87 KB)\n"},"type":"ws_msg"}
{"payload":{"local_timestamp":1685257827230,"stderr":true,"stdout":"\u001b[1;38;5;39mCOMET INFO:\u001b[0m     confusion-matrix    : 1\n\u001b[1;38;5;39mCOMET INFO:\u001b[0m     environment details : 1\n"},"type":"ws_msg"}
{"payload":{"local_timestamp":1685257827230,"stderr":true,"stdout":"\u001b[1;38;5;39mCOMET INFO:\u001b[0m     git metadata        : 1\n\u001b[1;38;5;39mCOMET INFO:\u001b[0m     installed packages  : 1\n"},"type":"ws_msg"}
{"payload":{"local_timestamp":1685257827230,"stderr":true,"stdout":"\u001b[1;38;5;39mCOMET INFO:\u001b[0m     os packages         : 1\n\u001b[1;38;5;39mCOMET INFO:\u001b[0m \n"},"type":"ws_msg"}
{"payload":{"local_timestamp":1685257827231,"stderr":true,"stdout":"\u001b[1;38;5;214mCOMET WARNING:\u001b[0m Experiment Name is generated at upload time for Offline Experiments unless set explicitly with Experiment.set_name\n"},"type":"ws_msg"}
{"payload":{"local_timestamp":1685257827231,"stderr":true,"stdout":"\u001b[1;38;5;214mCOMET WARNING:\u001b[0m To get all data logged automatically, import comet_ml before the following modules: tensorboard, torch.\n"},"type":"ws_msg"}
